freetype-harfbuzz,2.12.1+5.3.1 1,https://codeberg.org/Potosi/cocos-repo.git,xorg/freetype-harfbuzz,main,"Potosi"
libdrm,2.4.113 1,https://codeberg.org/Potosi/cocos-repo.git,xorg/libdrm,main,"Potosi"
pixman,0.42.0 1,https://codeberg.org/Potosi/cocos-repo.git,xorg/pixman,main,"Potosi"
libXmeta,unknown,https://codeberg.org/Potosi/cocos-repo.git,xorg/libXmeta,main,"unknown"
libXfont2,2.0.6 1,https://codeberg.org/Potosi/cocos-repo.git,xorg/libXfont2,main,"Potosi"
llvm-meta,14.0.6 1,https://codeberg.org/Potosi/cocos-repo.git,bin/llvm-meta,main,"Potosi"
llvm-meta,14.0.6 1,https://codeberg.org/Potosi/cocos-repo.git,llvm/llvm-meta,main,"Potosi"
llvm,15.0.3 1,https://codeberg.org/Potosi/cocos-repo.git,llvm/llvm,main,"Potosi"
wayland,1.21.0 1,https://codeberg.org/Potosi/cocos-repo.git,wayland/wayland,main,"Potosi"
sdhcp,git 2,https://codeberg.org/Potosi/cocos-repo.git,extra/sdhcp,main,"Potosi"
ncurses,6.3 1,https://codeberg.org/Potosi/cocos-repo.git,extra/ncurses,main,"Potosi"
zstd,1.5.2 1,https://codeberg.org/Potosi/cocos-repo.git,extra/zstd,main,"Potosi"
libressl,3.6.0 1,https://codeberg.org/Potosi/cocos-repo.git,extra/libressl,main,"Potosi"
python,3.10.8 1,https://codeberg.org/Potosi/cocos-repo.git,extra/python,main,"Potosi"
vim,git 1,https://codeberg.org/Potosi/cocos-repo.git,extra/vim,main,"Potosi"
libelf,0.187 1,https://codeberg.org/Potosi/cocos-repo.git,extra/libelf,main,"Potosi"
zlib,1.2.12 1,https://codeberg.org/Potosi/cocos-repo.git,extra/zlib,main,"Potosi"
smdev,0.2.3 1,https://codeberg.org/Potosi/cocos-repo.git,extra/smdev,main,"Potosi"
mesa,22.2.2 1,https://codeberg.org/Potosi/cocos-repo.git,extra/mesa,main,"Potosi"
cmake,dummy 1,https://codeberg.org/Potosi/cocos-repo.git,dummy/cmake,main,"Potosi"
openssl,libressl 1,https://codeberg.org/Potosi/cocos-repo.git,dummy/openssl,main,"Potosi"
llvm,dummy 1,https://codeberg.org/Potosi/cocos-repo.git,dummy/llvm,main,"Potosi"
bearssl,git 1,https://codeberg.org/Potosi/cocos-repo.git,core/bearssl,main,"Potosi"
ubase,git 4 ,https://codeberg.org/Potosi/cocos-repo.git,core/ubase,main,"Potosi"
bzip2,1.0.8 1,https://codeberg.org/Potosi/cocos-repo.git,core/bzip2,main,"Potosi"
musl,1.2.3 1,https://codeberg.org/Potosi/cocos-repo.git,core/musl,main,"Potosi"
baseinit,1.0 1,https://codeberg.org/Potosi/cocos-repo.git,core/baseinit,main,"Potosi"
sinit,git 2,https://codeberg.org/Potosi/cocos-repo.git,core/sinit,main,"Potosi"
make,4.3 1,https://codeberg.org/Potosi/cocos-repo.git,core/make,main,"Potosi"
gcc,12.2.0 2,https://codeberg.org/Potosi/cocos-repo.git,core/gcc,main,"Potosi"
baselayout,1 8,https://codeberg.org/Potosi/cocos-repo.git,core/baselayout,main,"Potosi"
curl,7.85.0 1,https://codeberg.org/Potosi/cocos-repo.git,core/curl,main,"Potosi"
sbase,git 2,https://codeberg.org/Potosi/cocos-repo.git,core/sbase,main,"Potosi"
musl-tcc,1.2.2 1,https://codeberg.org/Potosi/cocos-repo.git,core/musl-tcc,main,"Potosi"
gmp,6.2.1 1,https://codeberg.org/Potosi/cocos-repo.git,core/gmp,main,"Potosi"
binutils,2.39 1,https://codeberg.org/Potosi/cocos-repo.git,core/binutils,main,"Potosi"
flatpak,1.14.5 1,https://codeberg.org/XDream8/kiss-repo.git,testing/flatpak,main,"XDream8"
tree-sitter,0.22.6 1,https://codeberg.org/XDream8/kiss-repo.git,testing/tree-sitter,main,"XDream8"
readline,8.2p007 1,https://codeberg.org/XDream8/kiss-repo.git,testing/readline,main,"XDream8"
cproc,git 1,https://codeberg.org/XDream8/kiss-repo.git,testing/cproc,main,"XDream8"
linux-firmware,20240709 1,https://codeberg.org/XDream8/kiss-repo.git,testing/linux-firmware,main,"XDream8"
kiss-rs,git 1,https://codeberg.org/XDream8/kiss-repo.git,testing/kiss-rs,main,"XDream8"
p7zip,17.05 1,https://codeberg.org/XDream8/kiss-repo.git,testing/p7zip,main,"XDream8"
tomlplusplus,3.4.0 1,https://codeberg.org/XDream8/kiss-repo.git,testing/tomlplusplus,main,"XDream8"
android-tools,34.0.4 1,https://codeberg.org/XDream8/kiss-repo.git,testing/android-tools,main,"XDream8"
libjansson,2.14 1,https://codeberg.org/XDream8/kiss-repo.git,testing/libjansson,main,"XDream8"
clang,18.1.3 1,https://codeberg.org/XDream8/kiss-repo.git,testing/clang,main,"XDream8"
emacs,29.4 1,https://codeberg.org/XDream8/kiss-repo.git,testing/emacs,main,"XDream8"
pipewire,1.0.0+0.4.16 1,https://codeberg.org/XDream8/kiss-repo.git,testing/pipewire,main,"XDream8"
zig,0.13.0 1,https://codeberg.org/XDream8/kiss-repo.git,bin/zig,main,"XDream8"
openjdk17-jdk,17.0.9+9 7,https://codeberg.org/XDream8/kiss-repo.git,bin/openjdk17-jdk,main,"XDream8"
openjdk8-jdk,8u362-b09 1,https://codeberg.org/XDream8/kiss-repo.git,bin/openjdk8-jdk,main,"XDream8"
intel-ucode,20230613 1,https://codeberg.org/XDream8/kiss-repo.git,bin/intel-ucode,main,"XDream8"
nodejs,21.1.0 1,https://codeberg.org/XDream8/kiss-repo.git,bin/nodejs,main,"XDream8"
openjdk11-jdk,11.0.22 7,https://codeberg.org/XDream8/kiss-repo.git,bin/openjdk11-jdk,main,"XDream8"
hyperfine,1.18.0 1,https://codeberg.org/XDream8/kiss-repo.git,bin/hyperfine,main,"XDream8"
cargo-crev,0.23.3 1,https://codeberg.org/XDream8/kiss-repo.git,bin/cargo-crev,main,"XDream8"
podman,4.9.0 1,https://codeberg.org/XDream8/kiss-repo.git,bin/podman,main,"XDream8"
rust-analyzer,2023-08-14 1,https://codeberg.org/XDream8/kiss-repo.git,bin/rust-analyzer,main,"XDream8"
rustup,1.26.0 1,https://codeberg.org/XDream8/kiss-repo.git,bin/rustup,main,"XDream8"
gradle,8.10 1,https://codeberg.org/XDream8/kiss-repo.git,bin/gradle,main,"XDream8"
fuzzel,1.10.2 1,https://codeberg.org/XDream8/kiss-repo.git,wayland/fuzzel,main,"XDream8"
dwl,9825c26cdd5dfed34022b77a8936c5d8f485e134 1,https://codeberg.org/XDream8/kiss-repo.git,wayland/dwl,main,"XDream8"
swayimg,2.4 1,https://codeberg.org/XDream8/kiss-repo.git,wayland/swayimg,main,"XDream8"
foot,1.17.2 1,https://codeberg.org/XDream8/kiss-repo.git,wayland/foot,main,"XDream8"
mesa,24.1.4 1,https://codeberg.org/XDream8/kiss-repo.git,wayland/mesa,main,"XDream8"
wayherb,git 1,https://codeberg.org/XDream8/kiss-repo.git,wayland/wayherb,main,"XDream8"
sway,1.9 1,https://codeberg.org/XDream8/kiss-repo.git,wayland/sway,main,"XDream8"
swaylock-effects,1.6.4 1,https://codeberg.org/XDream8/kiss-repo.git,wayland/swaylock-effects,main,"XDream8"
ubase,git 4 ,https://codeberg.org/XDream8/kiss-repo.git,suckless-core/ubase,main,"XDream8"
sbase,git 2,https://codeberg.org/XDream8/kiss-repo.git,suckless-core/sbase,main,"XDream8"
file-rs,0.2.3 1,https://codeberg.org/XDream8/kiss-repo.git,extra/file-rs,main,"XDream8"
noto-emoji,2.038 1,https://codeberg.org/XDream8/kiss-repo.git,extra/noto-emoji,main,"XDream8"
ffmpegthumnailer,2.2.2 1,https://codeberg.org/XDream8/kiss-repo.git,extra/ffmpegthumnailer,main,"XDream8"
fm6000,git 1,https://codeberg.org/XDream8/kiss-repo.git,extra/fm6000,main,"XDream8"
dprint,0.47.2 1,https://codeberg.org/XDream8/kiss-repo.git,extra/dprint,main,"XDream8"
ttf-font-awesome,6.4.2 1,https://codeberg.org/XDream8/kiss-repo.git,extra/ttf-font-awesome,main,"XDream8"
python,3.11.9 1,https://codeberg.org/XDream8/kiss-repo.git,extra/python,main,"XDream8"
shfmt,3.7.0 1,https://codeberg.org/XDream8/kiss-repo.git,extra/shfmt,main,"XDream8"
htop,3.2.2 1,https://codeberg.org/XDream8/kiss-repo.git,extra/htop,main,"XDream8"
eza,0.18.8 1,https://codeberg.org/XDream8/kiss-repo.git,extra/eza,main,"XDream8"
lrzip,0.651 1,https://codeberg.org/XDream8/kiss-repo.git,extra/lrzip,main,"XDream8"
libtermkey,0.22 2,https://codeberg.org/XDream8/kiss-repo.git,extra/libtermkey,main,"XDream8"
hc-rs,0.3.6 1,https://codeberg.org/XDream8/kiss-repo.git,extra/hc-rs,main,"XDream8"
chafa,1.14.2 1,https://codeberg.org/XDream8/kiss-repo.git,extra/chafa,main,"XDream8"
alsa-utils,1.2.10 1,https://codeberg.org/XDream8/kiss-repo.git,extra/alsa-utils,main,"XDream8"
ttf-nerd-fonts-fira-code,2.2.1 1,https://codeberg.org/XDream8/kiss-repo.git,extra/ttf-nerd-fonts-fira-code,main,"XDream8"
i3blocks,1.5 1,https://codeberg.org/XDream8/kiss-repo.git,extra/i3blocks,main,"XDream8"
yambar,1.11.0 1,https://codeberg.org/XDream8/kiss-repo.git,extra/yambar,main,"XDream8"
perl-rename,1.14 1,https://codeberg.org/XDream8/kiss-repo.git,extra/perl-rename,main,"XDream8"
brightnessctl,0.5.1 1,https://codeberg.org/XDream8/kiss-repo.git,extra/brightnessctl,main,"XDream8"
lf,r31 1,https://codeberg.org/XDream8/kiss-repo.git,extra/lf,main,"XDream8"
nim,2.0.0 1,https://codeberg.org/XDream8/kiss-repo.git,extra/nim,main,"XDream8"
fltk,git 1,https://codeberg.org/XDream8/kiss-repo.git,extra/fltk,main,"XDream8"
powertop,2.15 1,https://codeberg.org/XDream8/kiss-repo.git,extra/powertop,main,"XDream8"
yazi,0.3.0 1,https://codeberg.org/XDream8/kiss-repo.git,extra/yazi,main,"XDream8"
trashy,2.0.0 1,https://codeberg.org/XDream8/kiss-repo.git,extra/trashy,main,"XDream8"
qemu,8.2.0 1,https://codeberg.org/XDream8/kiss-repo.git,extra/qemu,main,"XDream8"
bash,5.2.p15 1,https://codeberg.org/XDream8/kiss-repo.git,extra/bash,main,"XDream8"
kiss-utils,2023.01.26 1,https://codeberg.org/XDream8/kiss-repo.git,extra/kiss-utils,main,"XDream8"
nitch,git 1,https://codeberg.org/XDream8/kiss-repo.git,extra/nitch,main,"XDream8"
axel,2.17.11 2,https://codeberg.org/XDream8/kiss-repo.git,extra/axel,main,"XDream8"
vis,git 1,https://codeberg.org/XDream8/kiss-repo.git,extra/vis,main,"XDream8"
pfetch-rs,2.10.0 1,https://codeberg.org/XDream8/kiss-repo.git,extra/pfetch-rs,main,"XDream8"
checkbashisms,2.23.5 1,https://codeberg.org/XDream8/kiss-repo.git,extra/checkbashisms,main,"XDream8"
ps_mem,3.14 1,https://codeberg.org/XDream8/kiss-repo.git,extra/ps_mem,main,"XDream8"
netbsd-curses,0.3.2 1,https://codeberg.org/XDream8/kiss-repo.git,core/netbsd-curses,main,"XDream8"
less,633 1,https://codeberg.org/XDream8/kiss-repo.git,core/less,main,"XDream8"
f2fs-tools,1.16.0 1,https://codeberg.org/XDream8/kiss-repo.git,core/f2fs-tools,main,"XDream8"
bat,0.24.0 1,https://codeberg.org/XDream8/kiss-repo.git,core/bat,main,"XDream8"
mdevd,0.1.6.2 1,https://codeberg.org/XDream8/kiss-repo.git,core/mdevd,main,"XDream8"
baseinit,1.0.3 1,https://codeberg.org/XDream8/kiss-repo.git,core/baseinit,main,"XDream8"
toybox,git 1,https://codeberg.org/XDream8/kiss-repo.git,core/toybox,main,"XDream8"
util-linux,2.40.2 1,https://codeberg.org/XDream8/kiss-repo.git,core/util-linux,main,"XDream8"
rinit,0.1.1 1 ,https://codeberg.org/XDream8/kiss-repo.git,core/rinit,main,"XDream8"
mawk,1.3.4-20230808 1,https://codeberg.org/XDream8/kiss-repo.git,core/mawk,main,"XDream8"
yash,2.56.1 1,https://codeberg.org/XDream8/kiss-repo.git,core/yash,main,"XDream8"
kmod,30 1,https://codeberg.org/XDream8/kiss-repo.git,core/kmod,main,"XDream8"
oksh,7.3 1,https://codeberg.org/XDream8/kiss-repo.git,core/oksh,main,"XDream8"
syslinux,6.04-pre1 1,https://codeberg.org/XDream8/kiss-repo.git,core/syslinux,main,"XDream8"
gnugrep,3.11 1,https://codeberg.org/XDream8/kiss-repo.git,core/gnugrep,main,"XDream8"
rsv,git 1,https://codeberg.org/XDream8/kiss-repo.git,core/rsv,main,"XDream8"
otools,1.5.1 1,https://codeberg.org/XDream8/kiss-repo.git,core/otools,main,"XDream8"
repomenu,2022.07.31 1,https://codeberg.org/XDream8/kiss-repo.git,xorg-apps/repomenu,main,"XDream8"
lynx,2.9.2 1,https://codeberg.org/aerphanas/mass.git,www/lynx,main,"aerphanas"
socat,1.8.0.0 1,https://codeberg.org/aerphanas/mass.git,net/socat,main,"aerphanas"
lzip,1.24 1,https://codeberg.org/aerphanas/mass.git,archive/lzip,main,"aerphanas"
sbcl,2.4.7 1,https://codeberg.org/aerphanas/mass.git,bin/lang/sbcl,main,"aerphanas"
cbqn,git 1,https://codeberg.org/aerphanas/mass.git,lang/cbqn,main,"aerphanas"
mercury-stable,22.01.8 1,https://codeberg.org/aerphanas/mass.git,lang/mercury-stable,main,"aerphanas"
ed,1.4 1,https://codeberg.org/aerphanas/mass.git,editor/ed,main,"aerphanas"
screen,4.9.1 1,https://codeberg.org/aerphanas/mass.git,term/screen,main,"aerphanas"
libpulse,16.1 1,https://codeberg.org/git-bruh/kiss-repo.git,abandoned/libpulse,master,"git-bruh"
json-glib,1.6.4 1,https://codeberg.org/git-bruh/kiss-repo.git,abandoned/json-glib,master,"git-bruh"
ecryptfs-utils,111 1,https://codeberg.org/git-bruh/kiss-repo.git,abandoned/ecryptfs-utils,master,"git-bruh"
glfw,3.3.4 1,https://codeberg.org/git-bruh/kiss-repo.git,abandoned/glfw,master,"git-bruh"
dmenu,5.1 1,https://codeberg.org/git-bruh/kiss-repo.git,abandoned/xorg/dmenu,master,"git-bruh"
xsel,9fc4e3e4e3f1231cabfdc2e1438155f9390bc517 1,https://codeberg.org/git-bruh/kiss-repo.git,abandoned/xorg/xsel,master,"git-bruh"
picom,9.1 1,https://codeberg.org/git-bruh/kiss-repo.git,abandoned/xorg/picom,master,"git-bruh"
st,0.8.5 1,https://codeberg.org/git-bruh/kiss-repo.git,abandoned/xorg/st,master,"git-bruh"
xwallpaper,0.7.4 1,https://codeberg.org/git-bruh/kiss-repo.git,abandoned/xorg/xwallpaper,master,"git-bruh"
bspwm,0.9.10 1,https://codeberg.org/git-bruh/kiss-repo.git,abandoned/xorg/bspwm,master,"git-bruh"
sxhkd,0.6.2 1,https://codeberg.org/git-bruh/kiss-repo.git,abandoned/xorg/sxhkd,master,"git-bruh"
slstatus,git 1,https://codeberg.org/git-bruh/kiss-repo.git,abandoned/slstatus,master,"git-bruh"
v4l2loopback,9ba7e294ea6f45410a15f192381d4918e8df4f02 1,https://codeberg.org/git-bruh/kiss-repo.git,abandoned/v4l2loopback,master,"git-bruh"
libgit2,1.4.3 1,https://codeberg.org/git-bruh/kiss-repo.git,abandoned/libgit2,master,"git-bruh"
alsa-plugins,1.2.5 1,https://codeberg.org/git-bruh/kiss-repo.git,abandoned/alsa-plugins,master,"git-bruh"
libidn,1.36 1,https://codeberg.org/git-bruh/kiss-repo.git,abandoned/libidn,master,"git-bruh"
gotify-server,2.0.21 1,https://codeberg.org/git-bruh/kiss-repo.git,abandoned/gotify-server,master,"git-bruh"
iwyu,0.16 1,https://codeberg.org/git-bruh/kiss-repo.git,abandoned/iwyu,master,"git-bruh"
pi-hole-ftl,1.14 1,https://codeberg.org/git-bruh/kiss-repo.git,abandoned/pi-hole-ftl,master,"git-bruh"
glew,2.2.0 1,https://codeberg.org/git-bruh/kiss-repo.git,abandoned/glew,master,"git-bruh"
erlang,25.1.2 1,https://codeberg.org/git-bruh/kiss-repo.git,abandoned/erlang,master,"git-bruh"
keyutils,1.6.3 1,https://codeberg.org/git-bruh/kiss-repo.git,abandoned/keyutils,master,"git-bruh"
gettext-stub,1 1,https://codeberg.org/git-bruh/kiss-repo.git,abandoned/gettext-stub,master,"git-bruh"
ghc,9.0.1 1,https://codeberg.org/git-bruh/kiss-repo.git,abandoned/ghc,master,"git-bruh"
jdk8-bin,8.292.10.1 1,https://codeberg.org/git-bruh/kiss-repo.git,abandoned/jdk8-bin,master,"git-bruh"
libsndfile,1.0.31 1,https://codeberg.org/git-bruh/kiss-repo.git,abandoned/libsndfile,master,"git-bruh"
bsdiff,b817e9491cf7b8699c8462ef9e2657ca4ccd7667 1,https://codeberg.org/git-bruh/kiss-repo.git,abandoned/bsdiff,master,"git-bruh"
glu,9.0.2 1,https://codeberg.org/git-bruh/kiss-repo.git,abandoned/glu,master,"git-bruh"
stagit,0.9.5 1,https://codeberg.org/git-bruh/kiss-repo.git,abandoned/stagit,master,"git-bruh"
openal-soft,git 1,https://codeberg.org/git-bruh/kiss-repo.git,abandoned/openal-soft,master,"git-bruh"
btop,1.0.13 1,https://codeberg.org/git-bruh/kiss-repo.git,abandoned/btop,master,"git-bruh"
xorg-libs,1 1,https://codeberg.org/git-bruh/kiss-repo.git,abandoned/xorg-libs,master,"git-bruh"
dendrite,git 1,https://codeberg.org/git-bruh/kiss-repo.git,abandoned/dendrite,master,"git-bruh"
gcompat,git 1,https://codeberg.org/git-bruh/kiss-repo.git,abandoned/gcompat,master,"git-bruh"
barnard,git 1,https://codeberg.org/git-bruh/kiss-repo.git,abandoned/barnard,master,"git-bruh"
pi-hole,5.2.4 1,https://codeberg.org/git-bruh/kiss-repo.git,abandoned/pi-hole,master,"git-bruh"
busybox,1.36.1 1,https://codeberg.org/git-bruh/kiss-repo.git,overrides/busybox,master,"git-bruh"
firefox,131.0.2 1,https://codeberg.org/git-bruh/kiss-repo.git,overrides/firefox,master,"git-bruh"
llvm,19.1.2 1,https://codeberg.org/git-bruh/kiss-repo.git,overrides/llvm,master,"git-bruh"
fzy,9aa19d3250070f0cc9f5601b805ee6ce3d654377 1,https://codeberg.org/git-bruh/kiss-repo.git,overrides/fzy,master,"git-bruh"
clang,19.1.2 1,https://codeberg.org/git-bruh/kiss-repo.git,overrides/clang,master,"git-bruh"
lld,19.1.2 1,https://codeberg.org/git-bruh/kiss-repo.git,overrides/lld,master,"git-bruh"
vis,git 2,https://codeberg.org/git-bruh/kiss-repo.git,overrides/vis,master,"git-bruh"
mesa,24.2.3 1,https://codeberg.org/git-bruh/kiss-repo.git,overrides/mesa,master,"git-bruh"
digitalocean-net,git 1,https://codeberg.org/git-bruh/kiss-repo.git,repo/digitalocean-net,master,"git-bruh"
s6-scripts,git 1,https://codeberg.org/git-bruh/kiss-repo.git,repo/s6-scripts,master,"git-bruh"
lua-dkjson,2.7 1,https://codeberg.org/git-bruh/kiss-repo.git,repo/lua-dkjson,master,"git-bruh"
slstatus,git 1,https://codeberg.org/git-bruh/kiss-repo.git,repo/slstatus,master,"git-bruh"
libunwind,1.6.2 1,https://codeberg.org/git-bruh/kiss-repo.git,repo/libunwind,master,"git-bruh"
linux-firmware,20240220 1,https://codeberg.org/git-bruh/kiss-repo.git,repo/linux-firmware,master,"git-bruh"
tailscale,1.74.1 1,https://codeberg.org/git-bruh/kiss-repo.git,repo/tailscale,master,"git-bruh"
meta,1 1,https://codeberg.org/git-bruh/kiss-repo.git,repo/meta,master,"git-bruh"
qogir-cursors,2022-11-05 1,https://codeberg.org/git-bruh/kiss-repo.git,repo/qogir-cursors,master,"git-bruh"
catppuccin-mocha-gtk,0.4.1 1,https://codeberg.org/git-bruh/kiss-repo.git,repo/catppuccin-mocha-gtk,master,"git-bruh"
uftrace,0.14 1,https://codeberg.org/git-bruh/kiss-repo.git,repo/uftrace,master,"git-bruh"
libiberty,20230104 1,https://codeberg.org/git-bruh/kiss-repo.git,repo/libiberty,master,"git-bruh"
linux,6.11.1 1,https://codeberg.org/git-bruh/kiss-repo.git,repo/linux,master,"git-bruh"
libglvnd,1.7.0 1,https://codeberg.org/git-bruh/kiss-repo.git,repo/libglvnd,master,"git-bruh"
perf,6.1.15 1,https://codeberg.org/git-bruh/kiss-repo.git,repo/perf,master,"git-bruh"
kotlin,1.9.24 1,https://codeberg.org/git-bruh/kiss-repo.git,android/kotlin,master,"git-bruh"
apktool,2.6.1 1,https://codeberg.org/git-bruh/kiss-repo.git,android/apktool,master,"git-bruh"
gradle-bin,7.5.1 1,https://codeberg.org/git-bruh/kiss-repo.git,android/gradle-bin,master,"git-bruh"
amazon-corretto-21,21.0.3.9.1 1,https://codeberg.org/git-bruh/kiss-repo.git,android/amazon-corretto-21,master,"git-bruh"
pmount,0.9.23 1,https://codeberg.org/kiss-community/community.git,community/pmount,main,"Michele Zuccalà"
exiftool,12.98 1 ,https://codeberg.org/kiss-community/community.git,community/exiftool,main,"Vouivre"
lmdb,0.9.31 1,https://codeberg.org/kiss-community/community.git,community/lmdb,main,"git-bruh"
hostapd,2.11 1,https://codeberg.org/kiss-community/community.git,community/hostapd,main,"chra"
hack,3.003 1 ,https://codeberg.org/kiss-community/community.git,community/hack,main,"Dylan Araps"
lzo,2.10 1  ,https://codeberg.org/kiss-community/community.git,community/lzo,main,"mb"
curlpp,0.8.1 1,https://codeberg.org/kiss-community/community.git,community/curlpp,main,"djt3"
mblaze,1.3 1,https://codeberg.org/kiss-community/community.git,community/mblaze,main,"phoebos"
ghostscript,10.04.0 1 ,https://codeberg.org/kiss-community/community.git,community/ghostscript,main,"Vouivre"
libisofs,1.5.4 1,https://codeberg.org/kiss-community/community.git,community/libisofs,main,"git-bruh"
ecl,24.5.10 1,https://codeberg.org/kiss-community/community.git,community/ecl,main,"Ethan"
shinit,1.0.0 1 ,https://codeberg.org/kiss-community/community.git,community/shinit,main,"Dylan Araps"
sudo,1.9.16 2,https://codeberg.org/kiss-community/community.git,community/sudo,main,"AVS-Origami"
glow-bin,2.0.0 1,https://codeberg.org/kiss-community/community.git,community/glow-bin,main,"git-bruh"
ctags,5.8 1,https://codeberg.org/kiss-community/community.git,community/ctags,main,"Arthur Williams"
ugrep,6.0.0 1,https://codeberg.org/kiss-community/community.git,community/ugrep,main,"sewn"
zzz,1 1 ,https://codeberg.org/kiss-community/community.git,community/zzz,main,"Dylan Araps"
qt5-webchannel,5.15.8 2,https://codeberg.org/kiss-community/community.git,community/qt5-webchannel,main,"davidgarland"
libmupdf,1.24.11 1,https://codeberg.org/kiss-community/community.git,community/libmupdf,main,"Owen Rafferty"
entr,5.6 1,https://codeberg.org/kiss-community/community.git,community/entr,main,"Ethan"
s6,2.13.0.0 1,https://codeberg.org/kiss-community/community.git,community/s6,main,"git-bruh"
libatomic_ops,7.8.2 1,https://codeberg.org/kiss-community/community.git,community/libatomic_ops,main,"Ethan"
libksba,1.6.7 1,https://codeberg.org/kiss-community/community.git,community/libksba,main,"phoebos"
ccrypt,1.11 1,https://codeberg.org/kiss-community/community.git,community/ccrypt,main,"Arthur Williams"
nano,8.2 1 ,https://codeberg.org/kiss-community/community.git,community/nano,main,"Skyrixfr"
fortune,0.0.1 2,https://codeberg.org/kiss-community/community.git,community/fortune,main,"Armaan Bhojwani"
gopls,0.16.2 1,https://codeberg.org/kiss-community/community.git,community/gopls,main,"git-bruh"
gnu-netcat,0.7.1 1 ,https://codeberg.org/kiss-community/community.git,community/gnu-netcat,main,"Daniel M. Matongo"
flatpak,1.14.10 1,https://codeberg.org/kiss-community/community.git,community/flatpak,main,"git-bruh"
jo,1.6 1,https://codeberg.org/kiss-community/community.git,community/jo,main,"Xiaodong Xu"
pciutils,3.13.0 1,https://codeberg.org/kiss-community/community.git,community/pciutils,main,"git-bruh"
init-hooks,git 1,https://codeberg.org/kiss-community/community.git,community/init-hooks,main,"illiliti"
gperf,3.1 1,https://codeberg.org/kiss-community/community.git,community/gperf,main,"git-bruh"
autoconf-archive,2023.02.20 1,https://codeberg.org/kiss-community/community.git,community/autoconf-archive,main,"jslick"
json-glib,1.10.0 1,https://codeberg.org/kiss-community/community.git,community/json-glib,main,"git-bruh"
swaybg,1.2.1 1,https://codeberg.org/kiss-community/community.git,community/swaybg,main,"git-bruh"
sgt-puzzles,20231025 1,https://codeberg.org/kiss-community/community.git,community/sgt-puzzles,main,"Jason Eslick"
goimports,git 1,https://codeberg.org/kiss-community/community.git,community/goimports,main,"Camille"
smu-karlb,git 1,https://codeberg.org/kiss-community/community.git,community/smu-karlb,main,"wael"
tiv,1.1.0 1,https://codeberg.org/kiss-community/community.git,community/tiv,main,"Michael Czigler"
sysmgr,git 1,https://codeberg.org/kiss-community/community.git,community/sysmgr,main,"Dilyn Corner"
darkhttpd,1.13 1,https://codeberg.org/kiss-community/community.git,community/darkhttpd,main,"Xiaodong Xu"
umurmur,0.2.20 2,https://codeberg.org/kiss-community/community.git,community/umurmur,main,"git-bruh"
wl-clipboard,2.2.1 1,https://codeberg.org/kiss-community/community.git,community/wl-clipboard,main,"git-bruh"
qrencode,4.1.1 1,https://codeberg.org/kiss-community/community.git,community/qrencode,main,"Cédric"
ytfzf,2.6.2 1 ,https://codeberg.org/kiss-community/community.git,community/ytfzf,main,"Vouivre"
unzip,6.0 2,https://codeberg.org/kiss-community/community.git,community/unzip,main,"git-bruh"
asciinema,2.4.0 1,https://codeberg.org/kiss-community/community.git,community/asciinema,main,"git-bruh"
lm-sensors,3.6.0 1,https://codeberg.org/kiss-community/community.git,community/lm-sensors,main,"GullikX"
dogefetch,1.2.4 1,https://codeberg.org/kiss-community/community.git,community/dogefetch,main,"Ali Burak"
kiss-find,2.3 1,https://codeberg.org/kiss-community/community.git,community/kiss-find,main,"phoebos"
pystring,1.1.4 1,https://codeberg.org/kiss-community/community.git,community/pystring,main,"Rohan"
kexec-tools,2.0.29 1,https://codeberg.org/kiss-community/community.git,community/kexec-tools,main,"git-bruh"
zsh,5.9 1,https://codeberg.org/kiss-community/community.git,community/zsh,main,"Azriel Akbar Ferry A"
pfetch,0.6.0 1 ,https://codeberg.org/kiss-community/community.git,community/pfetch,main,"Owen Rafferty"
procps-ng,4.0.4 1,https://codeberg.org/kiss-community/community.git,community/procps-ng,main,"sewn"
kakoune,2024.05.18 1,https://codeberg.org/kiss-community/community.git,community/kakoune,main,"Riteo"
libburn,1.5.4 1,https://codeberg.org/kiss-community/community.git,community/libburn,main,"git-bruh"
neofetch,7.1.0 1,https://codeberg.org/kiss-community/community.git,community/neofetch,main,"Dylan Araps"
gawk,5.3.1 1,https://codeberg.org/kiss-community/community.git,community/gawk,main,"git-bruh"
iniparser,4.2.1 1,https://codeberg.org/kiss-community/community.git,community/iniparser,main,"Rohan"
typescript-language-server,4.3.3 1,https://codeberg.org/kiss-community/community.git,community/typescript-language-server,main,"git-bruh"
brlaser,6 1,https://codeberg.org/kiss-community/community.git,community/brlaser,main,"chra"
yasm,1.3.0 1,https://codeberg.org/kiss-community/community.git,community/yasm,main,"ilmich"
readline,8.2p013 1,https://codeberg.org/kiss-community/community.git,community/readline,main,"phoebos"
gnupg2,2.5.1 1,https://codeberg.org/kiss-community/community.git,community/gnupg2,main,"git-bruh"
yajl,2.1.0 1 ,https://codeberg.org/kiss-community/community.git,community/yajl,main,"Ominitay"
xxd,6b085b9d7367e077ca69f4f82ba0f92cc6b6e443 1,https://codeberg.org/kiss-community/community.git,community/xxd,main,"git-bruh"
libcupsfilters,2.0.0 1 ,https://codeberg.org/kiss-community/community.git,community/libcupsfilters,main,"Vouivre"
cproc,git 1,https://codeberg.org/kiss-community/community.git,community/cproc,main,"git-bruh"
iproute2,6.11.0 1,https://codeberg.org/kiss-community/community.git,community/iproute2,main,"git-bruh"
exa,0.10.1 2,https://codeberg.org/kiss-community/community.git,community/exa,main,"Armaan Bhojwani"
transmission,3.00 1 ,https://codeberg.org/kiss-community/community.git,community/transmission,main,"Camille"
zip,3.0 2,https://codeberg.org/kiss-community/community.git,community/zip,main,"git-bruh"
shellcheck-bin,0.10.0 1,https://codeberg.org/kiss-community/community.git,community/shellcheck-bin,main,"git-bruh"
mg,7.0 1,https://codeberg.org/kiss-community/community.git,community/mg,main,"Xiaodong Xu"
retrogram-rtlsdr,git 1,https://codeberg.org/kiss-community/community.git,community/retrogram-rtlsdr,main,"Michael Czigler"
ripgrep,13.0.0 1,https://codeberg.org/kiss-community/community.git,community/ripgrep,main,"jslick"
zathura-pdf-poppler,0.3.3 1,https://codeberg.org/kiss-community/community.git,community/zathura-pdf-poppler,main,"Vouivre"
msgpack-c,6.0.0 1,https://codeberg.org/kiss-community/community.git,community/msgpack-c,main,"git-bruh"
tdb,1.4.12 1,https://codeberg.org/kiss-community/community.git,community/tdb,main,"Vouivre"
sdl2,2.30.8 1,https://codeberg.org/kiss-community/community.git,community/sdl2,main,"git-bruh"
libsixel,1.10.3 1,https://codeberg.org/kiss-community/community.git,community/libsixel,main,"Wolf Gupta"
scryer-prolog,0.9.4 1,https://codeberg.org/kiss-community/community.git,community/scryer-prolog,main,"Ethan"
less,661 1,https://codeberg.org/kiss-community/community.git,community/less,main,"git-bruh"
shfmt-bin,3.9.0 1,https://codeberg.org/kiss-community/community.git,community/shfmt-bin,main,"git-bruh"
ruby,3.1.2 1,https://codeberg.org/kiss-community/community.git,community/ruby,main,"Daniel M. Matongo"
ttf-font-awesome,6.4.2 1,https://codeberg.org/kiss-community/community.git,community/ttf-font-awesome,main,"git-bruh"
bandwhich,0.23.0 1,https://codeberg.org/kiss-community/community.git,community/bandwhich,main,"git-bruh"
bit-bin,1.1.2 1,https://codeberg.org/kiss-community/community.git,community/bit-bin,main,"Xiaodong Xu"
djvulibre,3.5.28 1,https://codeberg.org/kiss-community/community.git,community/djvulibre,main,"ectlunya"
pybind11,2.13.1 1,https://codeberg.org/kiss-community/community.git,community/pybind11,main,"Rohan"
gdb,15.2 1,https://codeberg.org/kiss-community/community.git,community/gdb,main,"Ethan"
libev,4.33 1 ,https://codeberg.org/kiss-community/community.git,community/libev,main,"git-bruh"
vundle,0.10.2 2,https://codeberg.org/kiss-community/community.git,community/vundle,main,"Arthur Williams"
ntfs-3g,2022.10.3 1,https://codeberg.org/kiss-community/community.git,community/ntfs-3g,main,"David John"
sed,4.8 1 ,https://codeberg.org/kiss-community/community.git,community/sed,main,"mb"
go,1.23.2 1,https://codeberg.org/kiss-community/community.git,community/go,main,"git-bruh"
emacs-compat,30.0.0.0 1,https://codeberg.org/kiss-community/community.git,community/emacs-compat,main,"Ethan"
pick,4.0.0 1,https://codeberg.org/kiss-community/community.git,community/pick,main,"git-bruh"
bat,0.24.0 1,https://codeberg.org/kiss-community/community.git,community/bat,main,"Jason Eslick"
sbcl,2.4.10 1,https://codeberg.org/kiss-community/community.git,community/sbcl,main,"Ethan"
libbpf,1.4.6 1,https://codeberg.org/kiss-community/community.git,community/libbpf,main,"git-bruh"
zathura-djvu,0.2.9 1,https://codeberg.org/kiss-community/community.git,community/zathura-djvu,main,"ectlunya"
dash,0.5.12 1,https://codeberg.org/kiss-community/community.git,community/dash,main,"git-bruh"
fuse,3.16.2 1,https://codeberg.org/kiss-community/community.git,community/fuse,main,"Riteo"
libdvdcss,1.4.3 1,https://codeberg.org/kiss-community/community.git,community/libdvdcss,main,"Arthur Williams"
libnl,3.10.0 1,https://codeberg.org/kiss-community/community.git,community/libnl,main,"git-bruh"
gtest,1.15.2 1,https://codeberg.org/kiss-community/community.git,community/gtest,main,"git-bruh"
htop,3.3.0 1,https://codeberg.org/kiss-community/community.git,community/htop,main,"git-bruh"
kak-lsp-bin,14.2.0 1,https://codeberg.org/kiss-community/community.git,community/kak-lsp-bin,main,"git-bruh"
minikube,1.34.0 1,https://codeberg.org/kiss-community/community.git,community/minikube,main,"git-bruh"
cloc,2.00 1,https://codeberg.org/kiss-community/community.git,community/cloc,main,"hovercats"
runit,2.1.2 1,https://codeberg.org/kiss-community/community.git,community/runit,main,"Dylan Araps"
appstream,1.0.3 1,https://codeberg.org/kiss-community/community.git,community/appstream,main,"git-bruh"
apulse,0.1.13 1,https://codeberg.org/kiss-community/community.git,community/apulse,main,"wael"
nawk-git,git 1 ,https://codeberg.org/kiss-community/community.git,community/nawk-git,main,"Owen Rafferty"
amfora,1.10.0 1,https://codeberg.org/kiss-community/community.git,community/amfora,main,"phoebos"
ubase,git 5,https://codeberg.org/kiss-community/community.git,community/ubase,main,"hovercats"
abduco,0.6 1,https://codeberg.org/kiss-community/community.git,community/abduco,main,"ectlunya"
diskonaut,0.11.0 1,https://codeberg.org/kiss-community/community.git,community/diskonaut,main,"Xiaodong Xu"
libconfig,1.7.3 1 ,https://codeberg.org/kiss-community/community.git,community/libconfig,main,"git-bruh"
terminus-font,4.49.1 2,https://codeberg.org/kiss-community/community.git,community/terminus-font,main,"nvidiaLinuxUser"
evremap,d0e8eb231fdeaf9c6457b36c1f04164150a82ad0 1,https://codeberg.org/kiss-community/community.git,community/evremap,main,"git-bruh"
libpsl,0.21.5 1,https://codeberg.org/kiss-community/community.git,community/libpsl,main,"hovercats"
falkon,git 4,https://codeberg.org/kiss-community/community.git,community/falkon,main,"Dilyn Corner"
unbound,1.22.0 1,https://codeberg.org/kiss-community/community.git,community/unbound,main,"chra"
cantarell-fonts,0.301 1,https://codeberg.org/kiss-community/community.git,community/cantarell-fonts,main,"git-bruh"
libslirp,4.8.0 1,https://codeberg.org/kiss-community/community.git,community/libslirp,main,"git-bruh"
neatvnc,0.7.0 1,https://codeberg.org/kiss-community/community.git,community/neatvnc,main,"Rohan"
msmtp,1.8.27 1,https://codeberg.org/kiss-community/community.git,community/msmtp,main,"Vouivre"
tokei,12.1.2 1,https://codeberg.org/kiss-community/community.git,community/tokei,main,"dylanaraps"
btrfs-progs,6.11 1,https://codeberg.org/kiss-community/community.git,community/btrfs-progs,main,"git-bruh"
wireless_tools,30.pre9 1,https://codeberg.org/kiss-community/community.git,community/wireless_tools,main,"git-bruh"
lvm2,2.03.26 1,https://codeberg.org/kiss-community/community.git,community/lvm2,main,"git-bruh"
crosstool-ng,git 1,https://codeberg.org/kiss-community/community.git,community/crosstool-ng,main,"Dilyn Corner"
scrcpy,2.7 1,https://codeberg.org/kiss-community/community.git,community/scrcpy,main,"git-bruh"
cryptsetup,2.7.5 1,https://codeberg.org/kiss-community/community.git,community/cryptsetup,main,"git-bruh"
ostree,2024.8 1,https://codeberg.org/kiss-community/community.git,community/ostree,main,"git-bruh"
gspt,7943ffde3a29806f4ebfb998ca2002490c42ac0b 1,https://codeberg.org/kiss-community/community.git,community/gspt,main,"David John"
yt-dlp,2024.11.18 1,https://codeberg.org/kiss-community/community.git,community/yt-dlp,main,"Owen Rafferty"
libtermkey,0.22 2,https://codeberg.org/kiss-community/community.git,community/libtermkey,main,"Dante Issaias"
imath,3.1.11 1,https://codeberg.org/kiss-community/community.git,community/imath,main,"Rohan"
pinentry,1.3.1 1,https://codeberg.org/kiss-community/community.git,community/pinentry,main,"phoebos"
rtorrent,0.10.0 1,https://codeberg.org/kiss-community/community.git,community/rtorrent,main,"Rohan"
libuv,1.46.0 1,https://codeberg.org/kiss-community/community.git,community/libuv,main,"git-bruh"
gtar,1.35 1,https://codeberg.org/kiss-community/community.git,community/gtar,main,"git-bruh"
libssh,0.10.6 1,https://codeberg.org/kiss-community/community.git,community/libssh,main,"git-bruh"
swaylock,1.7.2 1,https://codeberg.org/kiss-community/community.git,community/swaylock,main,"git-bruh"
zathura-cb,0.1.10 1,https://codeberg.org/kiss-community/community.git,community/zathura-cb,main,"Rohan"
mdev-usb,1 1,https://codeberg.org/kiss-community/community.git,community/mdev-usb,main,"git-bruh"
swappy,1.5.1 1,https://codeberg.org/kiss-community/community.git,community/swappy,main,"git-bruh"
mtools,4.0.45 1 ,https://codeberg.org/kiss-community/community.git,community/mtools,main,"Vouivre"
iw,6.7 1,https://codeberg.org/kiss-community/community.git,community/iw,main,"Owen Rafferty"
sinit,1.1 1,https://codeberg.org/kiss-community/community.git,community/sinit,main,"Owen Rafferty"
zathura,0.5.8 1,https://codeberg.org/kiss-community/community.git,community/zathura,main,"Vouivre"
libxslt,1.1.39 1,https://codeberg.org/kiss-community/community.git,community/libxslt,main,"hovercats"
girara,0.4.4 1 ,https://codeberg.org/kiss-community/community.git,community/girara,main,"Vouivre"
dmidecode,3.6 1 ,https://codeberg.org/kiss-community/community.git,community/dmidecode,main,"Vouivre"
qt5,5.15.8 3,https://codeberg.org/kiss-community/community.git,community/qt5,main,"davidgarland"
wayvnc,0.7.2 1,https://codeberg.org/kiss-community/community.git,community/wayvnc,main,"Rohan"
9base,git 1 ,https://codeberg.org/kiss-community/community.git,community/9base,main,"Aaron G"
libgphoto2,2.5.31 1 ,https://codeberg.org/kiss-community/community.git,community/libgphoto2,main,"Vouivre"
exfatprogs,1.2.5 1,https://codeberg.org/kiss-community/community.git,community/exfatprogs,main,"git-bruh"
brotli,1.1.0 1,https://codeberg.org/kiss-community/community.git,community/brotli,main,"git-bruh"
go-ipfs,0.12.0 1,https://codeberg.org/kiss-community/community.git,community/go-ipfs,main,"Daniel M. Matongo"
syncthing,1.27.12 1,https://codeberg.org/kiss-community/community.git,community/syncthing,main,"git-bruh"
containerd,1.7.22 1,https://codeberg.org/kiss-community/community.git,community/containerd,main,"git-bruh"
ttf-jetbrains-mono,2.304 1,https://codeberg.org/kiss-community/community.git,community/ttf-jetbrains-mono,main,"git-bruh"
libseccomp,2.5.5 1,https://codeberg.org/kiss-community/community.git,community/libseccomp,main,"git-bruh"
globe-cli,0.2.0 1,https://codeberg.org/kiss-community/community.git,community/globe-cli,main,"Xiaodong Xu"
protobuf,28.2 1,https://codeberg.org/kiss-community/community.git,community/protobuf,main,"git-bruh"
gumbo-parser,0.10.1 1,https://codeberg.org/kiss-community/community.git,community/gumbo-parser,main,"Nihal"
gt5,1.4.0 4,https://codeberg.org/kiss-community/community.git,community/gt5,main,"TAAPArthur"
android-tools,35.0.2 1,https://codeberg.org/kiss-community/community.git,community/android-tools,main,"git-bruh"
jbig2dec,0.19 1,https://codeberg.org/kiss-community/community.git,community/jbig2dec,main,"Nihal"
qt5-svg,5.15.8 3,https://codeberg.org/kiss-community/community.git,community/qt5-svg,main,"davidgarland"
libedit,20210910-3.1 1,https://codeberg.org/kiss-community/community.git,community/libedit,main,"git-bruh"
qpdf,11.9.1 1 ,https://codeberg.org/kiss-community/community.git,community/qpdf,main,"Vouivre"
chicken,5.4.0 1,https://codeberg.org/kiss-community/community.git,community/chicken,main,"phoebos"
ox,0.2.7 1,https://codeberg.org/kiss-community/community.git,community/ox,main,"Daniel M. Matongo"
gpgme,1.23.2 1,https://codeberg.org/kiss-community/community.git,community/gpgme,main,"git-bruh"
squashfs-tools,4.6.1 1,https://codeberg.org/kiss-community/community.git,community/squashfs-tools,main,"git-bruh"
totp,0.1 1,https://codeberg.org/kiss-community/community.git,community/totp,main,"Adrien Gallouët"
pkcs11-helper,1.29.0 1 ,https://codeberg.org/kiss-community/community.git,community/pkcs11-helper,main,"Daniel M. Matongo"
libyaml,0.2.5 1 ,https://codeberg.org/kiss-community/community.git,community/libyaml,main,"hovercats"
fmt,11.0.2 1,https://codeberg.org/kiss-community/community.git,community/fmt,main,"git-bruh"
pandoc-bin,3.5 1 ,https://codeberg.org/kiss-community/community.git,community/pandoc-bin,main,"Vouivre"
links,2.30 1,https://codeberg.org/kiss-community/community.git,community/links,main,"phoebos"
luajit,2.1.1725453128 1,https://codeberg.org/kiss-community/community.git,community/luajit,main,"git-bruh"
qt5-webengine,5.15.3 2,https://codeberg.org/kiss-community/community.git,community/qt5-webengine,main,"Dilyn Corner"
libppd,2.0.0 1 ,https://codeberg.org/kiss-community/community.git,community/libppd,main,"Vouivre"
libgpg-error,1.50 1,https://codeberg.org/kiss-community/community.git,community/libgpg-error,main,"git-bruh"
libcap,2.70 1,https://codeberg.org/kiss-community/community.git,community/libcap,main,"git-bruh"
libjpeg,9f 1,https://codeberg.org/kiss-community/community.git,community/libjpeg,main,"icebarf"
virglrenderer,1.1.0 1,https://codeberg.org/kiss-community/community.git,community/virglrenderer,main,"git-bruh"
lz4,1.10.0 1,https://codeberg.org/kiss-community/community.git,community/lz4,main,"git-bruh"
boost,1.86.0 1,https://codeberg.org/kiss-community/community.git,community/boost,main,"Owen Rafferty"
tre,0.8.0 1,https://codeberg.org/kiss-community/community.git,community/tre,main,"Arthur Williams"
kfc,0.1.3 1,https://codeberg.org/kiss-community/community.git,community/kfc,main,"mcpcpc"
idmap,4.14.0 1,https://codeberg.org/kiss-community/community.git,community/idmap,main,"git-bruh"
qt5-declarative,5.15.8 3,https://codeberg.org/kiss-community/community.git,community/qt5-declarative,main,"davidgarland"
yarn,1.22.22 1,https://codeberg.org/kiss-community/community.git,community/yarn,main,"git-bruh"
pash,2.3.0 1,https://codeberg.org/kiss-community/community.git,community/pash,main,"aabacchus"
ldns,1.8.3 1,https://codeberg.org/kiss-community/community.git,community/ldns,main,"chra"
twemoji-color-font,14.0.2 1,https://codeberg.org/kiss-community/community.git,community/twemoji-color-font,main,"git-bruh"
wlr-randr,0.4.1 1,https://codeberg.org/kiss-community/community.git,community/wlr-randr,main,"Rohan"
s6-linux-init,1.1.2.0 1,https://codeberg.org/kiss-community/community.git,community/s6-linux-init,main,"git-bruh"
optipng,0.7.7 1,https://codeberg.org/kiss-community/community.git,community/optipng,main,"Camille"
iperf,3.16 1,https://codeberg.org/kiss-community/community.git,community/iperf,main,"git-bruh"
coreutils,8.32 1,https://codeberg.org/kiss-community/community.git,community/coreutils,main,"git-bruh"
perl,5.40.0 1,https://codeberg.org/kiss-community/community.git,community/perl,main,"git-bruh"
pv,1.8.14 1,https://codeberg.org/kiss-community/community.git,community/pv,main,"git-bruh"
fzy,9aa19d3250070f0cc9f5601b805ee6ce3d654377 1,https://codeberg.org/kiss-community/community.git,community/fzy,main,"git-bruh"
libgcrypt,1.11.0 1,https://codeberg.org/kiss-community/community.git,community/libgcrypt,main,"git-bruh"
poppler-data,0.4.11 1,https://codeberg.org/kiss-community/community.git,community/poppler-data,main,"Xiaodong Xu"
libisoburn,1.5.4 1,https://codeberg.org/kiss-community/community.git,community/libisoburn,main,"git-bruh"
go-bootstrap,1.20.6 1,https://codeberg.org/kiss-community/community.git,community/go-bootstrap,main,"git-bruh"
file,5.45 1,https://codeberg.org/kiss-community/community.git,community/file,main,"git-bruh"
scroll,git 1,https://codeberg.org/kiss-community/community.git,community/scroll,main,"Michael Czigler"
gnupg1,1.4.23 2,https://codeberg.org/kiss-community/community.git,community/gnupg1,main,"git-bruh"
spotify-player,0.15.2 1,https://codeberg.org/kiss-community/community.git,community/spotify-player,main,"David John"
libassuan,3.0.1 1,https://codeberg.org/kiss-community/community.git,community/libassuan,main,"phoebos"
libtorrent,0.14.0 1,https://codeberg.org/kiss-community/community.git,community/libtorrent,main,"Rohan"
gc,8.2.8 1,https://codeberg.org/kiss-community/community.git,community/gc,main,"Ethan"
wl-screenrec,bec19aab7065d0517ff831fa8a8f4bb629e47e53 1,https://codeberg.org/kiss-community/community.git,community/wl-screenrec,main,"git-bruh"
erlang,27.1 1,https://codeberg.org/kiss-community/community.git,community/erlang,main,"Ethan"
ttyd,1.7.4 1,https://codeberg.org/kiss-community/community.git,community/ttyd,main,"git-bruh"
delta,0.12.1 1,https://codeberg.org/kiss-community/community.git,community/delta,main,"Xiaodong Xu"
tinyramfs-git,git 1,https://codeberg.org/kiss-community/community.git,community/tinyramfs-git,main,"Jason Eslick"
poppler,24.10.0 1,https://codeberg.org/kiss-community/community.git,community/poppler,main,"Vouivre"
discount,3.0.0d 1,https://codeberg.org/kiss-community/community.git,community/discount,main,"Vouivre"
nmap,7.95 1 ,https://codeberg.org/kiss-community/community.git,community/nmap,main,"Vouivre"
wf-recorder,460d454b1efd380a3f732f6fd70c7a5e265381f6 2,https://codeberg.org/kiss-community/community.git,community/wf-recorder,main,"git-bruh"
mosh,1.4.0 2,https://codeberg.org/kiss-community/community.git,community/mosh,main,"Jason Eslick"
slirp4netns,1.3.1 1,https://codeberg.org/kiss-community/community.git,community/slirp4netns,main,"git-bruh"
s6-rc,0.5.4.3 1,https://codeberg.org/kiss-community/community.git,community/s6-rc,main,"git-bruh"
emacs-kiss-git,git 1,https://codeberg.org/kiss-community/community.git,community/emacs-kiss-git,main,"Ethan"
lua,5.4.7 1,https://codeberg.org/kiss-community/community.git,community/lua,main,"git-bruh"
keyutils,1.6.3 1,https://codeberg.org/kiss-community/community.git,community/keyutils,main,"Dylan Araps"
cmark-gfm,0.29.0.gfm.13 1,https://codeberg.org/kiss-community/community.git,community/cmark-gfm,main,"git-bruh"
lcms,2.16 1,https://codeberg.org/kiss-community/community.git,community/lcms,main,"Vouivre"
mtr,0.95 1,https://codeberg.org/kiss-community/community.git,community/mtr,main,"Xiaodong Xu"
aerc,0.17.0 1,https://codeberg.org/kiss-community/community.git,community/aerc,main,"sewn"
nsd,4.10.1 1,https://codeberg.org/kiss-community/community.git,community/nsd,main,"chra"
zig-bin,0.12.0 2,https://codeberg.org/kiss-community/community.git,community/zig-bin,main,"git-bruh"
fossil,2.25 1,https://codeberg.org/kiss-community/community.git,community/fossil,main,"Ethan"
slang,2.3.2 1,https://codeberg.org/kiss-community/community.git,community/slang,main,"AndreiSva"
cmus,2.10.0 2,https://codeberg.org/kiss-community/community.git,community/cmus,main,"git-bruh"
sccache,0.5.4 1,https://codeberg.org/kiss-community/community.git,community/sccache,main,"git-bruh"
tinygo-bin,0.33.0 1,https://codeberg.org/kiss-community/community.git,community/tinygo-bin,main,"git-bruh"
sfeed,2.0 1,https://codeberg.org/kiss-community/community.git,community/sfeed,main,"Owen Rafferty"
ranger,1.9.3 2,https://codeberg.org/kiss-community/community.git,community/ranger,main,"Dylan Araps"
powertop,2.15 1,https://codeberg.org/kiss-community/community.git,community/powertop,main,"jslick"
neomutt,20241114 1,https://codeberg.org/kiss-community/community.git,community/neomutt,main,"phoebos"
libunistring,1.3 1,https://codeberg.org/kiss-community/community.git,community/libunistring,main,"Ethan"
fftw,3.3.10 1,https://codeberg.org/kiss-community/community.git,community/fftw,main,"Mederim"
elinks,0.17.0 1,https://codeberg.org/kiss-community/community.git,community/elinks,main,"phoebos"
vmwh,git 2,https://codeberg.org/kiss-community/community.git,community/vmwh,main,"Ben Cornett"
tuitube,git 8,https://codeberg.org/kiss-community/community.git,community/tuitube,main,"djt3"
bemenu,0.6.23 1,https://codeberg.org/kiss-community/community.git,community/bemenu,main,"git-bruh"
uthash,2.3.0 1,https://codeberg.org/kiss-community/community.git,community/uthash,main,"git-bruh"
libportaudio2,19.6.0 1,https://codeberg.org/kiss-community/community.git,community/libportaudio2,main,"Michael Czigler"
gnutls,3.8.7.1 1,https://codeberg.org/kiss-community/community.git,community/gnutls,main,"Vouivre"
libtool,2.5.3 1,https://codeberg.org/kiss-community/community.git,community/libtool,main,"git-bruh"
liburing,2.7 1,https://codeberg.org/kiss-community/community.git,community/liburing,main,"git-bruh"
docker,27.3.1 1,https://codeberg.org/kiss-community/community.git,community/docker,main,"git-bruh"
qemu,9.1.0 1,https://codeberg.org/kiss-community/community.git,community/qemu,main,"git-bruh"
docker-buildx,0.17.1 1,https://codeberg.org/kiss-community/community.git,community/docker-buildx,main,"git-bruh"
tea,0.9.0 1,https://codeberg.org/kiss-community/community.git,community/tea,main,"git-bruh"
github-cli,2.44.1 1,https://codeberg.org/kiss-community/community.git,community/github-cli,main,"hovercats"
yash,2.57 1,https://codeberg.org/kiss-community/community.git,community/yash,main,"git-bruh"
emacs,29.4 1,https://codeberg.org/kiss-community/community.git,community/emacs,main,"Ethan"
nettle,3.9.1 1,https://codeberg.org/kiss-community/community.git,community/nettle,main,"hovercats"
imagemagick,7.1.1-38 1,https://codeberg.org/kiss-community/community.git,community/imagemagick,main,"git-bruh"
distrobox,1.6.0.1 1,https://codeberg.org/kiss-community/community.git,community/distrobox,main,"git-bruh"
dvtm,0.15 1,https://codeberg.org/kiss-community/community.git,community/dvtm,main,"unlcorn"
aria2,1.36.0 1,https://codeberg.org/kiss-community/community.git,community/aria2,main,"Dilyn Corner"
kmod,31 1,https://codeberg.org/kiss-community/community.git,community/kmod,main,"git-bruh"
neovim,0.10.2 1,https://codeberg.org/kiss-community/community.git,community/neovim,main,"phoebos"
bash,5.2.p37 1,https://codeberg.org/kiss-community/community.git,community/bash,main,"git-bruh"
reptyr,0.10.0 1,https://codeberg.org/kiss-community/community.git,community/reptyr,main,"git-bruh"
execline,2.9.6.0 1,https://codeberg.org/kiss-community/community.git,community/execline,main,"git-bruh"
autoconf,2.72 1,https://codeberg.org/kiss-community/community.git,community/autoconf,main,"git-bruh"
ncdu1,1.19 1,https://codeberg.org/kiss-community/community.git,community/ncdu1,main,"Jason Eslick"
iosevka-nerd-fonts,2.1.0 2,https://codeberg.org/kiss-community/community.git,community/iosevka-nerd-fonts,main,"Dilyn Corner"
gphoto2,2.5.28 1 ,https://codeberg.org/kiss-community/community.git,community/gphoto2,main,"Cédric"
libsndfile,1.2.2 1,https://codeberg.org/kiss-community/community.git,community/libsndfile,main,"git-bruh"
libevent,2.1.12 1 ,https://codeberg.org/kiss-community/community.git,community/libevent,main,"phoebos"
lux,1.21 1,https://codeberg.org/kiss-community/community.git,community/lux,main,"git-bruh"
cups-filters,2.0.1 1 ,https://codeberg.org/kiss-community/community.git,community/cups-filters,main,"Vouivre"
zathura-pdf-mupdf,0.4.4 4,https://codeberg.org/kiss-community/community.git,community/zathura-pdf-mupdf,main,"Owen Rafferty"
npth,1.8 1,https://codeberg.org/kiss-community/community.git,community/npth,main,"phoebos"
oksh,7.5 1,https://codeberg.org/kiss-community/community.git,community/oksh,main,"Owen Rafferty"
pipewire,1.2.5+0.5.6 1,https://codeberg.org/kiss-community/community.git,community/pipewire,main,"git-bruh"
fuse2,2.9.9 1,https://codeberg.org/kiss-community/community.git,community/fuse2,main,"Zola"
wireguard-tools,1.0.20210914 2,https://codeberg.org/kiss-community/community.git,community/wireguard-tools,main,"git-bruh"
groff,1.23.0 1,https://codeberg.org/kiss-community/community.git,community/groff,main,"phoebos"
swayfx,0.4 1,https://codeberg.org/kiss-community/community.git,community/swayfx,main,"Rohan"
aml,0.3.0 1,https://codeberg.org/kiss-community/community.git,community/aml,main,"Rohan"
tree,2.1.1 1,https://codeberg.org/kiss-community/community.git,community/tree,main,"git-bruh"
sane,1.3.1 1 ,https://codeberg.org/kiss-community/community.git,community/sane,main,"Vouivre"
cups,2.4.11 1 ,https://codeberg.org/kiss-community/community.git,community/cups,main,"Vouivre"
icu,74.2 1 ,https://codeberg.org/kiss-community/community.git,community/icu,main,"hovercats"
tiff,4.6.0 1,https://codeberg.org/kiss-community/community.git,community/tiff,main,"Rohan"
libutemper,1.2.1 1,https://codeberg.org/kiss-community/community.git,community/libutemper,main,"git-bruh"
extra-cmake-modules,5.102.0 1,https://codeberg.org/kiss-community/community.git,community/extra-cmake-modules,main,"davidgarland"
uacme,1.7.5 1,https://codeberg.org/kiss-community/community.git,community/uacme,main,"chra"
openntpd,6.8p1 1 ,https://codeberg.org/kiss-community/community.git,community/openntpd,main,"Owen Rafferty"
secret,0.11 2,https://codeberg.org/kiss-community/community.git,community/secret,main,"Adrien Gallouët"
libsodium,1.0.19 1,https://codeberg.org/kiss-community/community.git,community/libsodium,main,"git-bruh"
pounce,3.1 1,https://codeberg.org/kiss-community/community.git,community/pounce,main,"phoebos"
libxmlb,0.3.19 1,https://codeberg.org/kiss-community/community.git,community/libxmlb,main,"git-bruh"
lpeg,1.1.0 1,https://codeberg.org/kiss-community/community.git,community/lpeg,main,"git-bruh"
emacs-tsort,1.0.0 1,https://codeberg.org/kiss-community/community.git,community/emacs-tsort,main,"Ethan"
cava,0.10.2 1,https://codeberg.org/kiss-community/community.git,community/cava,main,"Rohan"
swayidle,1.8.0 1,https://codeberg.org/kiss-community/community.git,community/swayidle,main,"git-bruh"
evtest,1.35 1,https://codeberg.org/kiss-community/community.git,community/evtest,main,"TAAPArthur"
hummingbird-git,git 1,https://codeberg.org/kiss-community/community.git,community/hummingbird-git,main,"aosync"
gron-git,git 1,https://codeberg.org/kiss-community/community.git,community/gron-git,main,"Xiaodong Xu"
cfm,0.6.6 3,https://codeberg.org/kiss-community/community.git,community/cfm,main,"Will Eccles"
libexif,0.6.24 1 ,https://codeberg.org/kiss-community/community.git,community/libexif,main,"Cédric"
popt,1.19 1 ,https://codeberg.org/kiss-community/community.git,community/popt,main,"Cédric"
hexyl,0.10.0 1,https://codeberg.org/kiss-community/community.git,community/hexyl,main,"Dilyn Corner"
libxml2,2.13.4 1,https://codeberg.org/kiss-community/community.git,community/libxml2,main,"git-bruh"
fdm,2.2 1,https://codeberg.org/kiss-community/community.git,community/fdm,main,"Vouivre"
tmate,ac919516f4f1b10ec928e20b3a5034d18f609d68 1,https://codeberg.org/kiss-community/community.git,community/tmate,main,"git-bruh"
sbase,git 4,https://codeberg.org/kiss-community/community.git,community/sbase,main,"hovercats"
pqiv,2.13.1 1 ,https://codeberg.org/kiss-community/community.git,community/pqiv,main,"Vouivre"
openjpeg2,2.5.2 1,https://codeberg.org/kiss-community/community.git,community/openjpeg2,main,"phoebos"
viu,1.4.0 1,https://codeberg.org/kiss-community/community.git,community/viu,main,"Xiaodong Xu"
rustup-bin,1.27.1 1,https://codeberg.org/kiss-community/community.git,community/rustup-bin,main,"git-bruh"
senpai,0.3.0 1,https://codeberg.org/kiss-community/community.git,community/senpai,main,"sewn"
bubblewrap,0.10.0 1,https://codeberg.org/kiss-community/community.git,community/bubblewrap,main,"git-bruh"
mtpaint,git 1 ,https://codeberg.org/kiss-community/community.git,community/mtpaint,main,"Cédric"
sed-i,0.1 1,https://codeberg.org/kiss-community/community.git,community/sed-i,main,"Aaron G"
bottom,0.9.6 1,https://codeberg.org/kiss-community/community.git,community/bottom,main,"Jason Eslick"
qt5-wayland,5.15.8 2,https://codeberg.org/kiss-community/community.git,community/qt5-wayland,main,"davidgarland"
axel,2.17.14 1,https://codeberg.org/kiss-community/community.git,community/axel,main,"git-bruh"
runc,1.1.14 1,https://codeberg.org/kiss-community/community.git,community/runc,main,"git-bruh"
shfm,0.4.2 1 ,https://codeberg.org/kiss-community/community.git,community/shfm,main,"Dylan Araps"
wmenu,0.1.9 1,https://codeberg.org/kiss-community/community.git,community/wmenu,main,"git-bruh"
mediainfo,24.06 1,https://codeberg.org/kiss-community/community.git,community/mediainfo,main,"Vouivre"
vis,95bf9f59f8a9a37148bdc0787db378d62c7cd032 1,https://codeberg.org/kiss-community/community.git,community/vis,main,"git-bruh"
isync,1.4.4 1,https://codeberg.org/kiss-community/community.git,community/isync,main,"Nihal Jere"
scenefx,0.1 1,https://codeberg.org/kiss-community/community.git,community/scenefx,main,"Rohan"
docker-compose-bin,2.29.7 1,https://codeberg.org/kiss-community/community.git,community/docker-compose-bin,main,"git-bruh"
dejavu-ttf,2.37 1,https://codeberg.org/kiss-community/community.git,community/dejavu-ttf,main,"Eudald Gubert i Roldan"
patchelf,0.18.0 1,https://codeberg.org/kiss-community/community.git,community/patchelf,main,"git-bruh"
gsl,2.8 1 ,https://codeberg.org/kiss-community/community.git,community/gsl,main,"Ethan"
bc,1.07.1 1 ,https://codeberg.org/kiss-community/community.git,community/bc,main,"hovercats"
btop,1.3.2 1,https://codeberg.org/kiss-community/community.git,community/btop,main,"AVS Origami"
mksh,59c 1 ,https://codeberg.org/kiss-community/community.git,community/mksh,main,"magenbluten"
slides,0.7.3 1,https://codeberg.org/kiss-community/community.git,community/slides,main,"Xiaodong Xu"
encpipe,735db589d80f9bdfc5f2c4d1f95b783f9916e9ab 1,https://codeberg.org/kiss-community/community.git,community/encpipe,main,"git-bruh"
limine,8.1.2 1 ,https://codeberg.org/kiss-community/community.git,community/limine,main,"Vouivre"
swww,0.9.5 1,https://codeberg.org/kiss-community/community.git,community/swww,main,"Rohan"
catgirl,2.2a 1,https://codeberg.org/kiss-community/community.git,community/catgirl,main,"phoebos"
spotifyd,0.3.5 1,https://codeberg.org/kiss-community/community.git,community/spotifyd,main,"David John"
glorytun,0.3.4 1,https://codeberg.org/kiss-community/community.git,community/glorytun,main,"Adrien Gallouët"
libxdp,1.4.2 1,https://codeberg.org/kiss-community/community.git,community/libxdp,main,"git-bruh"
freeglut,3.4.0 1,https://codeberg.org/kiss-community/community.git,community/freeglut,main,"Rohan"
fnf,0.1 1,https://codeberg.org/kiss-community/community.git,community/fnf,main,"Vouivre"
jq,1.7.1 1,https://codeberg.org/kiss-community/community.git,community/jq,main,"git-bruh"
libpcap,1.10.5 1,https://codeberg.org/kiss-community/community.git,community/libpcap,main,"git-bruh"
tmux,3.5a 1,https://codeberg.org/kiss-community/community.git,community/tmux,main,"Owen Rafferty"
tcc,git 1 ,https://codeberg.org/kiss-community/community.git,community/tcc,main,"Kyryl"
dialog,1.3-20240307 1,https://codeberg.org/kiss-community/community.git,community/dialog,main,"sewn"
nq,0.5 1 ,https://codeberg.org/kiss-community/community.git,community/nq,main,"Cédric"
automake,1.17 1,https://codeberg.org/kiss-community/community.git,community/automake,main,"git-bruh"
numactl,2.0.14 1,https://codeberg.org/kiss-community/community.git,community/numactl,main,"Arthur Williams"
tig,2.5.8 1,https://codeberg.org/kiss-community/community.git,community/tig,main,"jslick"
libaio,0.3.113 1 ,https://codeberg.org/kiss-community/community.git,community/libaio,main,"fluorescent_haze"
flac,1.4.3 1,https://codeberg.org/kiss-community/community.git,community/flac,main,"Owen Rafferty"
rsync,3.3.0 1,https://codeberg.org/kiss-community/community.git,community/rsync,main,"Owen Rafferty"
libvncserver,0.9.13 1,https://codeberg.org/kiss-community/community.git,community/libvncserver,main,"Michael Czigler"
hugo,0.119.0 1,https://codeberg.org/kiss-community/community.git,community/hugo,main,"David John"
libusb,1.0.27 1,https://codeberg.org/kiss-community/community.git,community/libusb,main,"git-bruh"
lsof,4.99.3 1,https://codeberg.org/kiss-community/community.git,community/lsof,main,"git-bruh"
age,1.2.0 1,https://codeberg.org/kiss-community/community.git,community/age,main,"git-bruh"
libarchive,3.7.6 1,https://codeberg.org/kiss-community/community.git,community/libarchive,main,"git-bruh"
sc-im,0.8.4 1 ,https://codeberg.org/kiss-community/community.git,community/sc-im,main,"Vouivre"
patch,2.7.6 3,https://codeberg.org/kiss-community/community.git,community/patch,main,"git-bruh"
birch,git 1 ,https://codeberg.org/kiss-community/community.git,community/birch,main,"Dylan Araps"
qbe,1.2 1,https://codeberg.org/kiss-community/community.git,community/qbe,main,"git-bruh"
libwebsockets,4.3.2 1,https://codeberg.org/kiss-community/community.git,community/libwebsockets,main,"git-bruh"
gcompat,1.1.0 1,https://codeberg.org/kiss-community/community.git,community/gcompat,main,"Rohan"
fff,2.2 1,https://codeberg.org/kiss-community/community.git,community/fff,main,"Dylan Araps"
inih,58 1,https://codeberg.org/kiss-community/community.git,community/inih,main,"git-bruh"
sc,7.16_1.1.2 1 ,https://codeberg.org/kiss-community/community.git,community/sc,main,"Xeno-Hypster"
protobuf-c,1.5.0 1,https://codeberg.org/kiss-community/community.git,community/protobuf-c,main,"git-bruh"
iptables,1.8.10 1,https://codeberg.org/kiss-community/community.git,community/iptables,main,"git-bruh"
wlroots,0.17.4 1,https://codeberg.org/kiss-community/grepo.git,overrides/wayland/wlroots,master,"git-bruh"
sway,1.9 1,https://codeberg.org/kiss-community/grepo.git,overrides/wayland/sway,master,"git-bruh"
ffmpeg,7.1 1,https://codeberg.org/kiss-community/grepo.git,overrides/extra/ffmpeg,master,"git-bruh"
ffnvcodec-headers,12.2.72.0 1,https://codeberg.org/kiss-community/grepo.git,overrides/extra/ffnvcodec-headers,master,"git-bruh"
eglexternalplatform,1.1 1,https://codeberg.org/kiss-community/grepo.git,overrides/extra/eglexternalplatform,master,"git-bruh"
mpv,0.39.0 1,https://codeberg.org/kiss-community/grepo.git,overrides/extra/mpv,master,"git-bruh"
egl-wayland,1.1.11 2,https://codeberg.org/kiss-community/grepo.git,overrides/extra/egl-wayland,master,"git-bruh"
nvidia,525.78.01 2,https://codeberg.org/kiss-community/grepo.git,overrides/extra/nvidia,master,"git-bruh"
libglvnd,1.7.0 1,https://codeberg.org/kiss-community/grepo.git,overrides/extra/libglvnd,master,"git-bruh"
rust,1.81.0 1,https://codeberg.org/kiss-community/grepo.git,overrides/extra/rust,master,"git-bruh"
mesa,24.2.4 1,https://codeberg.org/kiss-community/grepo.git,overrides/extra/mesa,master,"git-bruh"
gcc,14.2.0 1,https://codeberg.org/kiss-community/grepo.git,overrides/core/gcc,master,"git-bruh"
glibc,2.40 1,https://codeberg.org/kiss-community/grepo.git,overrides/core/glibc,master,"git-bruh"
binutils,2.43.1 1,https://codeberg.org/kiss-community/grepo.git,overrides/core/binutils,master,"git-bruh"
wayclip,0.4.2 1,https://codeberg.org/kiss-community/grepo.git,wayland/wayclip,master,"Owen Rafferty"
wbg,1.2.0 1,https://codeberg.org/kiss-community/grepo.git,wayland/wbg,master,"Owen Rafferty"
slurp,1.5.0 1,https://codeberg.org/kiss-community/grepo.git,wayland/slurp,master,"Owen Rafferty"
fcft,3.1.9 1,https://codeberg.org/kiss-community/grepo.git,wayland/fcft,master,"Owen Rafferty"
libseat,0.9.1 1,https://codeberg.org/kiss-community/grepo.git,wayland/libseat,master,"Owen Rafferty"
foot-pgo,symlink,https://codeberg.org/kiss-community/grepo.git,wayland/foot-pgo,master,"unknown"
libxkbcommon,1.7.0 1,https://codeberg.org/kiss-community/grepo.git,wayland/libxkbcommon,master,"Owen Rafferty"
wlroots,0.17.4 1,https://codeberg.org/kiss-community/grepo.git,wayland/wlroots,master,"git-bruh"
libpciaccess,0.18.1 1,https://codeberg.org/kiss-community/grepo.git,wayland/libpciaccess,master,"Owen Rafferty"
tllist,1.1.0 1,https://codeberg.org/kiss-community/grepo.git,wayland/tllist,master,"git-bruh"
wayland,1.23.1 1,https://codeberg.org/kiss-community/grepo.git,wayland/wayland,master,"Owen Rafferty"
libdrm,2.4.123 1,https://codeberg.org/kiss-community/grepo.git,wayland/libdrm,master,"Owen Rafferty"
wlsunset,0.4.0 1,https://codeberg.org/kiss-community/grepo.git,wayland/wlsunset,master,"Owen Rafferty"
grim,1.4.1 1,https://codeberg.org/kiss-community/grepo.git,wayland/grim,master,"Owen Rafferty"
mtdev,1.1.7 1,https://codeberg.org/kiss-community/grepo.git,wayland/mtdev,master,"Owen Rafferty"
pixman,0.44.0 1,https://codeberg.org/kiss-community/grepo.git,wayland/pixman,master,"Owen Rafferty"
libinput,1.27.0 1,https://codeberg.org/kiss-community/grepo.git,wayland/libinput,master,"Owen Rafferty"
wayland-protocols,1.38 1,https://codeberg.org/kiss-community/grepo.git,wayland/wayland-protocols,master,"Owen Rafferty"
libevdev,1.13.3 1,https://codeberg.org/kiss-community/grepo.git,wayland/libevdev,master,"Owen Rafferty"
compose-tables,1.8.10 1,https://codeberg.org/kiss-community/grepo.git,wayland/compose-tables,master,"Owen Rafferty"
foot,1.19.0 1,https://codeberg.org/kiss-community/grepo.git,wayland/foot,master,"Owen Rafferty"
xkeyboard-config,2.43 1,https://codeberg.org/kiss-community/grepo.git,wayland/xkeyboard-config,master,"Owen Rafferty"
sway,1.9 1,https://codeberg.org/kiss-community/grepo.git,wayland/sway,master,"git-bruh"
cyrus-sasl,2.1.28 1,https://codeberg.org/kiss-community/grepo.git,extra/cyrus-sasl,master,"git-bruh"
libpng,1.6.44 1,https://codeberg.org/kiss-community/grepo.git,extra/libpng,master,"Owen Rafferty"
nspr,4.36 1,https://codeberg.org/kiss-community/grepo.git,extra/nspr,master,"Owen Rafferty"
ffmpeg,7.1 1,https://codeberg.org/kiss-community/grepo.git,extra/ffmpeg,master,"git-bruh"
samurai,1.2 1,https://codeberg.org/kiss-community/grepo.git,extra/samurai,master,"git-bruh"
scdoc,1.11.3 1,https://codeberg.org/kiss-community/grepo.git,extra/scdoc,master,"Owen Rafferty"
gtk+3,3.24.43 1,https://codeberg.org/kiss-community/grepo.git,extra/gtk+3,master,"Owen Rafferty"
bkeymaps,1.13 1,https://codeberg.org/kiss-community/grepo.git,extra/bkeymaps,master,"git-bruh"
dosfstools,4.2 1,https://codeberg.org/kiss-community/grepo.git,extra/dosfstools,master,"git-bruh"
cbindgen,0.27.0 1,https://codeberg.org/kiss-community/grepo.git,extra/cbindgen,master,"Owen Rafferty"
python-packaging,24.2 1,https://codeberg.org/kiss-community/grepo.git,extra/python-packaging,master,"Owen Rafferty"
libclc,19.1.4 1,https://codeberg.org/kiss-community/grepo.git,extra/libclc,master,"Owen Rafferty"
hicolor-icon-theme,0.18 1,https://codeberg.org/kiss-community/grepo.git,extra/hicolor-icon-theme,master,"Owen Rafferty"
ncurses,6.5 1,https://codeberg.org/kiss-community/grepo.git,extra/ncurses,master,"Owen Rafferty"
mandoc,1.14.6 1,https://codeberg.org/kiss-community/grepo.git,extra/mandoc,master,"git-bruh"
strace,6.12 1,https://codeberg.org/kiss-community/grepo.git,extra/strace,master,"Owen Rafferty"
kirc,0.3.2 1,https://codeberg.org/kiss-community/grepo.git,extra/kirc,master,"Owen Rafferty"
adwaita-icon-theme,47.0 1,https://codeberg.org/kiss-community/grepo.git,extra/adwaita-icon-theme,master,"Owen Rafferty"
libva-utils,2.22.0 1,https://codeberg.org/kiss-community/grepo.git,extra/libva-utils,master,"Owen Rafferty"
python-mako,1.3.6 1,https://codeberg.org/kiss-community/grepo.git,extra/python-mako,master,"Owen Rafferty"
glib,2.82.2 1,https://codeberg.org/kiss-community/grepo.git,extra/glib,master,"Owen Rafferty"
libjpeg-turbo,3.0.4 1,https://codeberg.org/kiss-community/grepo.git,extra/libjpeg-turbo,master,"Owen Rafferty"
xvidcore,1.3.7 1,https://codeberg.org/kiss-community/grepo.git,extra/xvidcore,master,"git-bruh"
spirv-llvm-translator,19.1.1 1,https://codeberg.org/kiss-community/grepo.git,extra/spirv-llvm-translator,master,"Owen Rafferty"
opendoas,6.8.2 1,https://codeberg.org/kiss-community/grepo.git,extra/opendoas,master,"git-bruh"
libxcrypt,4.4.36 1,https://codeberg.org/kiss-community/grepo.git,extra/libxcrypt,master,"git-bruh"
python-docutils,0.21.2 1,https://codeberg.org/kiss-community/grepo.git,extra/python-docutils,master,"Owen Rafferty"
x265,4.0 1,https://codeberg.org/kiss-community/grepo.git,extra/x265,master,"Owen Rafferty"
zstd,1.5.6 1,https://codeberg.org/kiss-community/grepo.git,extra/zstd,master,"Owen Rafferty"
libva,2.22.0 1,https://codeberg.org/kiss-community/grepo.git,extra/libva,master,"Owen Rafferty"
libffi,3.4.6 1,https://codeberg.org/kiss-community/grepo.git,extra/libffi,master,"Owen Rafferty"
python,3.12.7 1,https://codeberg.org/kiss-community/grepo.git,extra/python,master,"Owen Rafferty"
libtheora,1.1.1 2,https://codeberg.org/kiss-community/grepo.git,extra/libtheora,master,"git-bruh"
spirv-tools,1.3.296.0 1,https://codeberg.org/kiss-community/grepo.git,extra/spirv-tools,master,"Owen Rafferty"
openresolv,3.13.2 1,https://codeberg.org/kiss-community/grepo.git,extra/openresolv,master,"Owen Rafferty"
python-gpep517,16 1,https://codeberg.org/kiss-community/grepo.git,extra/python-gpep517,master,"Owen Rafferty"
libvorbis,1.3.7 1,https://codeberg.org/kiss-community/grepo.git,extra/libvorbis,master,"git-bruh"
cmake,3.31.1 1,https://codeberg.org/kiss-community/grepo.git,extra/cmake,master,"Owen Rafferty"
expat,2.6.4 1,https://codeberg.org/kiss-community/grepo.git,extra/expat,master,"Owen Rafferty"
e2fsprogs,1.47.1 1,https://codeberg.org/kiss-community/grepo.git,extra/e2fsprogs,master,"Owen Rafferty"
libass,0.17.3 1,https://codeberg.org/kiss-community/grepo.git,extra/libass,master,"Owen Rafferty"
mdevd,0.1.6.5 1,https://codeberg.org/kiss-community/grepo.git,extra/mdevd,master,"Owen Rafferty"
opus,1.5.2 1,https://codeberg.org/kiss-community/grepo.git,extra/opus,master,"Owen Rafferty"
python-glad,2.0.8 1,https://codeberg.org/kiss-community/grepo.git,extra/python-glad,master,"Owen Rafferty"
nodejs,23.3.0 1,https://codeberg.org/kiss-community/grepo.git,extra/nodejs,master,"Owen Rafferty"
efibootmgr,18 1,https://codeberg.org/kiss-community/grepo.git,extra/efibootmgr,master,"git-bruh"
x264,4613ac3c15fd75cebc4b9f65b7fb95e70a3acce1 1,https://codeberg.org/kiss-community/grepo.git,extra/x264,master,"Owen Rafferty"
ttf-croscore,1.31.0 2,https://codeberg.org/kiss-community/grepo.git,extra/ttf-croscore,master,"git-bruh"
mutt,2.2.13 1,https://codeberg.org/kiss-community/grepo.git,extra/mutt,master,"Owen Rafferty"
vim,git 1,https://codeberg.org/kiss-community/grepo.git,extra/vim,master,"git-bruh"
alsa-utils,1.2.13 1,https://codeberg.org/kiss-community/grepo.git,extra/alsa-utils,master,"Owen Rafferty"
firefox,131.0.3 1,https://codeberg.org/kiss-community/grepo.git,extra/firefox,master,"Owen Rafferty"
libudev-zero,1.0.3 1,https://codeberg.org/kiss-community/grepo.git,extra/libudev-zero,master,"Owen Rafferty"
freetype-harfbuzz,2.13.3+10.1.0 1,https://codeberg.org/kiss-community/grepo.git,extra/freetype-harfbuzz,master,"Owen Rafferty"
llvm,19.1.4 1,https://codeberg.org/kiss-community/grepo.git,extra/llvm,master,"Owen Rafferty"
libretls,3.8.1 1,https://codeberg.org/kiss-community/grepo.git,extra/libretls,master,"Owen Rafferty"
util-linux,2.40.2 1,https://codeberg.org/kiss-community/grepo.git,extra/util-linux,master,"Owen Rafferty"
meson,1.6.0 1,https://codeberg.org/kiss-community/grepo.git,extra/meson,master,"Owen Rafferty"
openssh,9.9p1 1,https://codeberg.org/kiss-community/grepo.git,extra/openssh,master,"Owen Rafferty"
fontconfig,2.15.0 1,https://codeberg.org/kiss-community/grepo.git,extra/fontconfig,master,"Owen Rafferty"
libvpx,1.15.0 1,https://codeberg.org/kiss-community/grepo.git,extra/libvpx,master,"Owen Rafferty"
firefox-privacy,1.0 5,https://codeberg.org/kiss-community/grepo.git,extra/firefox-privacy,master,"git-bruh"
man-pages,6.9.1 1,https://codeberg.org/kiss-community/grepo.git,extra/man-pages,master,"Owen Rafferty"
ffnvcodec-headers,12.2.72.0 1,https://codeberg.org/kiss-community/grepo.git,extra/ffnvcodec-headers,master,"git-bruh"
libelf,0.192 1,https://codeberg.org/kiss-community/grepo.git,extra/libelf,master,"Owen Rafferty"
libplacebo,7.349.0 1,https://codeberg.org/kiss-community/grepo.git,extra/libplacebo,master,"Owen Rafferty"
alsa-lib,1.2.13 1,https://codeberg.org/kiss-community/grepo.git,extra/alsa-lib,master,"Owen Rafferty"
ccache,4.10.2 1,https://codeberg.org/kiss-community/grepo.git,extra/ccache,master,"Owen Rafferty"
eglexternalplatform,1.1 1,https://codeberg.org/kiss-community/grepo.git,extra/eglexternalplatform,master,""
python-markupsafe,3.0.2 1,https://codeberg.org/kiss-community/grepo.git,extra/python-markupsafe,master,"Owen Rafferty"
python-setuptools,75.3.0 1,https://codeberg.org/kiss-community/grepo.git,extra/python-setuptools,master,"Owen Rafferty"
hwdata,0.389 1,https://codeberg.org/kiss-community/grepo.git,extra/hwdata,master,"Owen Rafferty"
tzdata,2024b 1,https://codeberg.org/kiss-community/grepo.git,extra/tzdata,master,"Owen Rafferty"
python-yaml,6.0.2 1,https://codeberg.org/kiss-community/grepo.git,extra/python-yaml,master,"Owen Rafferty"
cairo,1.18.2 1,https://codeberg.org/kiss-community/grepo.git,extra/cairo,master,"Owen Rafferty"
mpv,0.39.0 1,https://codeberg.org/kiss-community/grepo.git,extra/mpv,master,"git-bruh"
pkgconf,2.3.0 1,https://codeberg.org/kiss-community/grepo.git,extra/pkgconf,master,"Owen Rafferty"
nss,3.107 1,https://codeberg.org/kiss-community/grepo.git,extra/nss,master,"Owen Rafferty"
lame,3.100 2,https://codeberg.org/kiss-community/grepo.git,extra/lame,master,"git-bruh"
libogg,1.3.5 1,https://codeberg.org/kiss-community/grepo.git,extra/libogg,master,"git-bruh"
clang,19.1.4 1,https://codeberg.org/kiss-community/grepo.git,extra/clang,master,"Owen Rafferty"
python-wheel,0.45.0 1,https://codeberg.org/kiss-community/grepo.git,extra/python-wheel,master,"Owen Rafferty"
wpa_supplicant,2.11 1,https://codeberg.org/kiss-community/grepo.git,extra/wpa_supplicant,master,"Owen Rafferty"
json-c,0.18 1,https://codeberg.org/kiss-community/grepo.git,extra/json-c,master,"Owen Rafferty"
nasm,2.16.03 1,https://codeberg.org/kiss-community/grepo.git,extra/nasm,master,"Owen Rafferty"
mold,2.34.1 1,https://codeberg.org/kiss-community/grepo.git,extra/mold,master,"Owen Rafferty"
pango,1.54.0 1,https://codeberg.org/kiss-community/grepo.git,extra/pango,master,"Owen Rafferty"
ssu,0.3.2 1,https://codeberg.org/kiss-community/grepo.git,extra/ssu,master,"git-bruh"
python-flit-core,3.10.1 1,https://codeberg.org/kiss-community/grepo.git,extra/python-flit-core,master,"Owen Rafferty"
libepoxy,1.5.10 1,https://codeberg.org/kiss-community/grepo.git,extra/libepoxy,master,"git-bruh"
libwebp,1.4.0 1,https://codeberg.org/kiss-community/grepo.git,extra/libwebp,master,"Owen Rafferty"
libdisplay-info,0.2.0 1,https://codeberg.org/kiss-community/grepo.git,extra/libdisplay-info,master,"Owen Rafferty"
skalibs,2.14.3.0 1,https://codeberg.org/kiss-community/grepo.git,extra/skalibs,master,"Owen Rafferty"
sqlite,3.47.0 1,https://codeberg.org/kiss-community/grepo.git,extra/sqlite,master,"Owen Rafferty"
egl-wayland,1.1.11 2,https://codeberg.org/kiss-community/grepo.git,extra/egl-wayland,master,""
python-installer,0.7.0 2,https://codeberg.org/kiss-community/grepo.git,extra/python-installer,master,"Owen Rafferty"
gnugrep,3.11 1,https://codeberg.org/kiss-community/grepo.git,extra/gnugrep,master,"Owen Rafferty"
dhcpcd,10.1.0 1,https://codeberg.org/kiss-community/grepo.git,extra/dhcpcd,master,"Owen Rafferty"
intel-vaapi-driver,2.4.1 1,https://codeberg.org/kiss-community/grepo.git,extra/intel-vaapi-driver,master,"git-bruh"
eiwd,2.22 1,https://codeberg.org/kiss-community/grepo.git,extra/eiwd,master,"Owen Rafferty"
efivar,39 1,https://codeberg.org/kiss-community/grepo.git,extra/efivar,master,"Owen Rafferty"
nvidia,525.78.01 2,https://codeberg.org/kiss-community/grepo.git,extra/nvidia,master,"git-bruh"
libglvnd,1.7.0 1,https://codeberg.org/kiss-community/grepo.git,extra/libglvnd,master,"git-bruh"
pcre2,10.44 1,https://codeberg.org/kiss-community/grepo.git,extra/pcre2,master,"Owen Rafferty"
gdk-pixbuf,2.42.12 1,https://codeberg.org/kiss-community/grepo.git,extra/gdk-pixbuf,master,"Owen Rafferty"
rust,1.81.0 1,https://codeberg.org/kiss-community/grepo.git,extra/rust,master,"git-bruh"
mesa,24.2.4 1,https://codeberg.org/kiss-community/grepo.git,extra/mesa,master,"git-bruh"
libnl-tiny,39ec78bb012edc2739c3d3d0058e4076411068b1 1,https://codeberg.org/kiss-community/grepo.git,extra/libnl-tiny,master,"Owen Rafferty"
spirv-headers,1.3.296.0 1,https://codeberg.org/kiss-community/grepo.git,extra/spirv-headers,master,"Owen Rafferty"
python-jinja2,3.1.4 1,https://codeberg.org/kiss-community/grepo.git,extra/python-jinja2,master,"Owen Rafferty"
busybox,1.36.1 1,https://codeberg.org/kiss-community/grepo.git,core/busybox,master,"Owen Rafferty"
linux-headers,6.6.16 1,https://codeberg.org/kiss-community/grepo.git,core/linux-headers,master,"Owen Rafferty"
libmpc,1.3.1 1,https://codeberg.org/kiss-community/grepo.git,core/libmpc,master,"Owen Rafferty"
bzip2,1.0.8 1,https://codeberg.org/kiss-community/grepo.git,core/bzip2,master,"git-bruh"
openssl,3.4.0 1,https://codeberg.org/kiss-community/grepo.git,core/openssl,master,"Owen Rafferty"
mpfr,4.2.1 1,https://codeberg.org/kiss-community/grepo.git,core/mpfr,master,"Owen Rafferty"
baseinit,1.0.3 1,https://codeberg.org/kiss-community/grepo.git,core/baseinit,master,"git-bruh"
grub,2.12 1,https://codeberg.org/kiss-community/grepo.git,core/grub,master,"Owen Rafferty"
make,4.4.1 1,https://codeberg.org/kiss-community/grepo.git,core/make,master,"Owen Rafferty"
gcc,14.2.0 1,https://codeberg.org/kiss-community/grepo.git,core/gcc,master,"git-bruh"
zlib,1.3.1 1,https://codeberg.org/kiss-community/grepo.git,core/zlib,master,"Owen Rafferty"
baselayout,1 9,https://codeberg.org/kiss-community/grepo.git,core/baselayout,master,"phoebos"
b3sum,1.3.1 1,https://codeberg.org/kiss-community/grepo.git,core/b3sum,master,"git-bruh"
certs,2024-07-02 1,https://codeberg.org/kiss-community/grepo.git,core/certs,master,"Owen Rafferty"
bison,3.8.2 1,https://codeberg.org/kiss-community/grepo.git,core/bison,master,"git-bruh"
curl,8.11.0 1,https://codeberg.org/kiss-community/grepo.git,core/curl,master,"Owen Rafferty"
xz,5.6.3 1,https://codeberg.org/kiss-community/grepo.git,core/xz,master,"Owen Rafferty"
kiss,6.1.2 2,https://codeberg.org/kiss-community/grepo.git,core/kiss,master,"Owen Rafferty"
m4,1.4.19 1,https://codeberg.org/kiss-community/grepo.git,core/m4,master,"git-bruh"
pigz,2.8 1,https://codeberg.org/kiss-community/grepo.git,core/pigz,master,"Owen Rafferty"
git,2.47.0 3,https://codeberg.org/kiss-community/grepo.git,core/git,master,"Owen Rafferty"
glibc,2.40 1,https://codeberg.org/kiss-community/grepo.git,core/glibc,master,"git-bruh"
flex,2.6.4 4,https://codeberg.org/kiss-community/grepo.git,core/flex,master,"git-bruh"
gmp,6.3.0 1,https://codeberg.org/kiss-community/grepo.git,core/gmp,master,"Owen Rafferty"
binutils,2.43.1 1,https://codeberg.org/kiss-community/grepo.git,core/binutils,master,"git-bruh"
wayclip,0.4.2 1,https://codeberg.org/kiss-community/repo.git,wayland/wayclip,master,"Owen Rafferty"
wbg,1.2.0 1,https://codeberg.org/kiss-community/repo.git,wayland/wbg,master,"Owen Rafferty"
slurp,1.5.0 1,https://codeberg.org/kiss-community/repo.git,wayland/slurp,master,"Owen Rafferty"
fcft,3.1.9 1,https://codeberg.org/kiss-community/repo.git,wayland/fcft,master,"Owen Rafferty"
libseat,0.9.1 1,https://codeberg.org/kiss-community/repo.git,wayland/libseat,master,"Owen Rafferty"
foot-pgo,symlink,https://codeberg.org/kiss-community/repo.git,wayland/foot-pgo,master,"unknown"
libxkbcommon,1.7.0 1,https://codeberg.org/kiss-community/repo.git,wayland/libxkbcommon,master,"Owen Rafferty"
wlroots,0.18.1 1,https://codeberg.org/kiss-community/repo.git,wayland/wlroots,master,"Owen Rafferty"
libpciaccess,0.18.1 1,https://codeberg.org/kiss-community/repo.git,wayland/libpciaccess,master,"Owen Rafferty"
tllist,1.1.0 1,https://codeberg.org/kiss-community/repo.git,wayland/tllist,master,"Owen Rafferty"
wayland,1.23.1 1,https://codeberg.org/kiss-community/repo.git,wayland/wayland,master,"Owen Rafferty"
libdrm,2.4.123 1,https://codeberg.org/kiss-community/repo.git,wayland/libdrm,master,"Owen Rafferty"
wlsunset,0.4.0 1,https://codeberg.org/kiss-community/repo.git,wayland/wlsunset,master,"Owen Rafferty"
grim,1.4.1 1,https://codeberg.org/kiss-community/repo.git,wayland/grim,master,"Owen Rafferty"
mtdev,1.1.7 1,https://codeberg.org/kiss-community/repo.git,wayland/mtdev,master,"Owen Rafferty"
pixman,0.44.0 1,https://codeberg.org/kiss-community/repo.git,wayland/pixman,master,"Owen Rafferty"
libinput,1.27.0 1,https://codeberg.org/kiss-community/repo.git,wayland/libinput,master,"Owen Rafferty"
wayland-protocols,1.38 1,https://codeberg.org/kiss-community/repo.git,wayland/wayland-protocols,master,"Owen Rafferty"
libevdev,1.13.3 1,https://codeberg.org/kiss-community/repo.git,wayland/libevdev,master,"Owen Rafferty"
compose-tables,1.8.10 1,https://codeberg.org/kiss-community/repo.git,wayland/compose-tables,master,"Owen Rafferty"
foot,1.19.0 1,https://codeberg.org/kiss-community/repo.git,wayland/foot,master,"Owen Rafferty"
xkeyboard-config,2.43 1,https://codeberg.org/kiss-community/repo.git,wayland/xkeyboard-config,master,"Owen Rafferty"
sway,1.10 1,https://codeberg.org/kiss-community/repo.git,wayland/sway,master,"Owen Rafferty"
cyrus-sasl,2.1.28 1,https://codeberg.org/kiss-community/repo.git,extra/cyrus-sasl,master,"git-bruh"
libpng,1.6.44 1,https://codeberg.org/kiss-community/repo.git,extra/libpng,master,"Owen Rafferty"
nspr,4.36 1,https://codeberg.org/kiss-community/repo.git,extra/nspr,master,"Owen Rafferty"
ffmpeg,7.1 1,https://codeberg.org/kiss-community/repo.git,extra/ffmpeg,master,"Owen Rafferty"
samurai,1.2 1,https://codeberg.org/kiss-community/repo.git,extra/samurai,master,"Dylan Araps"
scdoc,1.11.3 1,https://codeberg.org/kiss-community/repo.git,extra/scdoc,master,"Owen Rafferty"
gtk+3,3.24.43 1,https://codeberg.org/kiss-community/repo.git,extra/gtk+3,master,"Owen Rafferty"
bkeymaps,1.13 1,https://codeberg.org/kiss-community/repo.git,extra/bkeymaps,master,"Dylan Araps"
dosfstools,4.2 1,https://codeberg.org/kiss-community/repo.git,extra/dosfstools,master,"Dylan Araps"
cbindgen,0.27.0 1,https://codeberg.org/kiss-community/repo.git,extra/cbindgen,master,"Owen Rafferty"
python-packaging,24.2 2,https://codeberg.org/kiss-community/repo.git,extra/python-packaging,master,"Owen Rafferty"
libclc,19.1.4 1,https://codeberg.org/kiss-community/repo.git,extra/libclc,master,"Owen Rafferty"
hicolor-icon-theme,0.18 1,https://codeberg.org/kiss-community/repo.git,extra/hicolor-icon-theme,master,"Owen Rafferty"
ncurses,6.5 1,https://codeberg.org/kiss-community/repo.git,extra/ncurses,master,"Owen Rafferty"
mandoc,1.14.6 1,https://codeberg.org/kiss-community/repo.git,extra/mandoc,master,"Dylan Araps"
strace,6.12 1,https://codeberg.org/kiss-community/repo.git,extra/strace,master,"Owen Rafferty"
kirc,0.3.2 1,https://codeberg.org/kiss-community/repo.git,extra/kirc,master,"Owen Rafferty"
adwaita-icon-theme,47.0 1,https://codeberg.org/kiss-community/repo.git,extra/adwaita-icon-theme,master,"Owen Rafferty"
libva-utils,2.22.0 1,https://codeberg.org/kiss-community/repo.git,extra/libva-utils,master,"Owen Rafferty"
python-mako,1.3.6 2,https://codeberg.org/kiss-community/repo.git,extra/python-mako,master,"Owen Rafferty"
glib,2.82.2 1,https://codeberg.org/kiss-community/repo.git,extra/glib,master,"Owen Rafferty"
libjpeg-turbo,3.0.4 1,https://codeberg.org/kiss-community/repo.git,extra/libjpeg-turbo,master,"Owen Rafferty"
xvidcore,1.3.7 1,https://codeberg.org/kiss-community/repo.git,extra/xvidcore,master,"Dylan Araps"
spirv-llvm-translator,19.1.1 1,https://codeberg.org/kiss-community/repo.git,extra/spirv-llvm-translator,master,"Owen Rafferty"
opendoas,6.8.2 1,https://codeberg.org/kiss-community/repo.git,extra/opendoas,master,"git-bruh"
python-docutils,0.21.2 2,https://codeberg.org/kiss-community/repo.git,extra/python-docutils,master,"Owen Rafferty"
x265,4.0 1,https://codeberg.org/kiss-community/repo.git,extra/x265,master,"Owen Rafferty"
zstd,1.5.6 1,https://codeberg.org/kiss-community/repo.git,extra/zstd,master,"Owen Rafferty"
libva,2.22.0 1,https://codeberg.org/kiss-community/repo.git,extra/libva,master,"Owen Rafferty"
libffi,3.4.6 1,https://codeberg.org/kiss-community/repo.git,extra/libffi,master,"Owen Rafferty"
python,3.13.0 1,https://codeberg.org/kiss-community/repo.git,extra/python,master,"Owen Rafferty"
libtheora,1.1.1 2,https://codeberg.org/kiss-community/repo.git,extra/libtheora,master,"Dylan Araps"
spirv-tools,1.3.296.0 1,https://codeberg.org/kiss-community/repo.git,extra/spirv-tools,master,"Owen Rafferty"
openresolv,3.13.2 1,https://codeberg.org/kiss-community/repo.git,extra/openresolv,master,"Owen Rafferty"
python-gpep517,16 2,https://codeberg.org/kiss-community/repo.git,extra/python-gpep517,master,"Owen Rafferty"
libvorbis,1.3.7 1,https://codeberg.org/kiss-community/repo.git,extra/libvorbis,master,"Dylan Araps"
cmake,3.31.1 1,https://codeberg.org/kiss-community/repo.git,extra/cmake,master,"Owen Rafferty"
expat,2.6.4 1,https://codeberg.org/kiss-community/repo.git,extra/expat,master,"Owen Rafferty"
e2fsprogs,1.47.1 1,https://codeberg.org/kiss-community/repo.git,extra/e2fsprogs,master,"Owen Rafferty"
libass,0.17.3 1,https://codeberg.org/kiss-community/repo.git,extra/libass,master,"Owen Rafferty"
mdevd,0.1.6.5 1,https://codeberg.org/kiss-community/repo.git,extra/mdevd,master,"Owen Rafferty"
opus,1.5.2 1,https://codeberg.org/kiss-community/repo.git,extra/opus,master,"Owen Rafferty"
python-glad,2.0.8 2,https://codeberg.org/kiss-community/repo.git,extra/python-glad,master,"Owen Rafferty"
nodejs,23.3.0 1,https://codeberg.org/kiss-community/repo.git,extra/nodejs,master,"Owen Rafferty"
efibootmgr,18 1,https://codeberg.org/kiss-community/repo.git,extra/efibootmgr,master,"Owen Rafferty"
x264,4613ac3c15fd75cebc4b9f65b7fb95e70a3acce1 1,https://codeberg.org/kiss-community/repo.git,extra/x264,master,"Owen Rafferty"
ttf-croscore,1.31.0 2,https://codeberg.org/kiss-community/repo.git,extra/ttf-croscore,master,"Dylan Araps"
mutt,2.2.13 1,https://codeberg.org/kiss-community/repo.git,extra/mutt,master,"Owen Rafferty"
vim,git 1,https://codeberg.org/kiss-community/repo.git,extra/vim,master,"Dylan Araps"
alsa-utils,1.2.13 1,https://codeberg.org/kiss-community/repo.git,extra/alsa-utils,master,"Owen Rafferty"
firefox,133.0 1,https://codeberg.org/kiss-community/repo.git,extra/firefox,master,"Owen Rafferty"
libudev-zero,1.0.3 1,https://codeberg.org/kiss-community/repo.git,extra/libudev-zero,master,"Owen Rafferty"
freetype-harfbuzz,2.13.3+10.1.0 1,https://codeberg.org/kiss-community/repo.git,extra/freetype-harfbuzz,master,"Owen Rafferty"
llvm,19.1.4 1,https://codeberg.org/kiss-community/repo.git,extra/llvm,master,"Owen Rafferty"
libretls,3.8.1 1,https://codeberg.org/kiss-community/repo.git,extra/libretls,master,"Owen Rafferty"
util-linux,2.40.2 1,https://codeberg.org/kiss-community/repo.git,extra/util-linux,master,"Owen Rafferty"
meson,1.6.0 2,https://codeberg.org/kiss-community/repo.git,extra/meson,master,"Owen Rafferty"
openssh,9.9p1 1,https://codeberg.org/kiss-community/repo.git,extra/openssh,master,"Owen Rafferty"
fontconfig,2.15.0 1,https://codeberg.org/kiss-community/repo.git,extra/fontconfig,master,"Owen Rafferty"
libvpx,1.15.0 1,https://codeberg.org/kiss-community/repo.git,extra/libvpx,master,"Owen Rafferty"
firefox-privacy,1.0 5,https://codeberg.org/kiss-community/repo.git,extra/firefox-privacy,master,"Dylan Araps"
man-pages,6.9.1 1,https://codeberg.org/kiss-community/repo.git,extra/man-pages,master,"Owen Rafferty"
libelf,0.192 1,https://codeberg.org/kiss-community/repo.git,extra/libelf,master,"Owen Rafferty"
libplacebo,7.349.0 1,https://codeberg.org/kiss-community/repo.git,extra/libplacebo,master,"Owen Rafferty"
alsa-lib,1.2.13 1,https://codeberg.org/kiss-community/repo.git,extra/alsa-lib,master,"Owen Rafferty"
ccache,4.10.2 1,https://codeberg.org/kiss-community/repo.git,extra/ccache,master,"Owen Rafferty"
python-markupsafe,3.0.2 2,https://codeberg.org/kiss-community/repo.git,extra/python-markupsafe,master,"Owen Rafferty"
python-setuptools,75.6.0 1,https://codeberg.org/kiss-community/repo.git,extra/python-setuptools,master,"Owen Rafferty"
hwdata,0.389 1,https://codeberg.org/kiss-community/repo.git,extra/hwdata,master,"Owen Rafferty"
tzdata,2024b 1,https://codeberg.org/kiss-community/repo.git,extra/tzdata,master,"Owen Rafferty"
python-yaml,6.0.2 2,https://codeberg.org/kiss-community/repo.git,extra/python-yaml,master,"Owen Rafferty"
cairo,1.18.2 1,https://codeberg.org/kiss-community/repo.git,extra/cairo,master,"Owen Rafferty"
mpv,0.39.0 1,https://codeberg.org/kiss-community/repo.git,extra/mpv,master,"Owen Rafferty"
pkgconf,2.3.0 1,https://codeberg.org/kiss-community/repo.git,extra/pkgconf,master,"Owen Rafferty"
nss,3.107 1,https://codeberg.org/kiss-community/repo.git,extra/nss,master,"Owen Rafferty"
lame,3.100 2,https://codeberg.org/kiss-community/repo.git,extra/lame,master,"Dylan Araps"
libogg,1.3.5 1,https://codeberg.org/kiss-community/repo.git,extra/libogg,master,"Dylan Araps"
clang,19.1.4 1,https://codeberg.org/kiss-community/repo.git,extra/clang,master,"Owen Rafferty"
python-wheel,0.45.1 1,https://codeberg.org/kiss-community/repo.git,extra/python-wheel,master,"Owen Rafferty"
wpa_supplicant,2.11 1,https://codeberg.org/kiss-community/repo.git,extra/wpa_supplicant,master,"Owen Rafferty"
json-c,0.18 1,https://codeberg.org/kiss-community/repo.git,extra/json-c,master,"Owen Rafferty"
nasm,2.16.03 1,https://codeberg.org/kiss-community/repo.git,extra/nasm,master,"Owen Rafferty"
mold,2.34.1 1,https://codeberg.org/kiss-community/repo.git,extra/mold,master,"Owen Rafferty"
pango,1.54.0 1,https://codeberg.org/kiss-community/repo.git,extra/pango,master,"Owen Rafferty"
ssu,0.3.2 1,https://codeberg.org/kiss-community/repo.git,extra/ssu,master,"Dylan Araps"
python-flit-core,3.10.1 2,https://codeberg.org/kiss-community/repo.git,extra/python-flit-core,master,"Owen Rafferty"
libepoxy,1.5.10 1,https://codeberg.org/kiss-community/repo.git,extra/libepoxy,master,"Wolf Gupta"
libwebp,1.4.0 1,https://codeberg.org/kiss-community/repo.git,extra/libwebp,master,"Owen Rafferty"
libdisplay-info,0.2.0 1,https://codeberg.org/kiss-community/repo.git,extra/libdisplay-info,master,"Owen Rafferty"
skalibs,2.14.3.0 1,https://codeberg.org/kiss-community/repo.git,extra/skalibs,master,"Owen Rafferty"
sqlite,3.47.1 1,https://codeberg.org/kiss-community/repo.git,extra/sqlite,master,"Owen Rafferty"
python-installer,0.7.0 3,https://codeberg.org/kiss-community/repo.git,extra/python-installer,master,"Owen Rafferty"
gnugrep,3.11 1,https://codeberg.org/kiss-community/repo.git,extra/gnugrep,master,"Owen Rafferty"
dhcpcd,10.1.0 1,https://codeberg.org/kiss-community/repo.git,extra/dhcpcd,master,"Owen Rafferty"
intel-vaapi-driver,2.4.1 1,https://codeberg.org/kiss-community/repo.git,extra/intel-vaapi-driver,master,"Dylan Araps"
eiwd,2.22 1,https://codeberg.org/kiss-community/repo.git,extra/eiwd,master,"Owen Rafferty"
efivar,39 1,https://codeberg.org/kiss-community/repo.git,extra/efivar,master,"Owen Rafferty"
pcre2,10.44 1,https://codeberg.org/kiss-community/repo.git,extra/pcre2,master,"Owen Rafferty"
gdk-pixbuf,2.42.12 1,https://codeberg.org/kiss-community/repo.git,extra/gdk-pixbuf,master,"Owen Rafferty"
rust,1.82.0 1,https://codeberg.org/kiss-community/repo.git,extra/rust,master,"Owen Rafferty"
mesa,24.3.0 1,https://codeberg.org/kiss-community/repo.git,extra/mesa,master,"Owen Rafferty"
libnl-tiny,39ec78bb012edc2739c3d3d0058e4076411068b1 1,https://codeberg.org/kiss-community/repo.git,extra/libnl-tiny,master,"Owen Rafferty"
spirv-headers,1.3.296.0 1,https://codeberg.org/kiss-community/repo.git,extra/spirv-headers,master,"Owen Rafferty"
python-jinja2,3.1.4 2,https://codeberg.org/kiss-community/repo.git,extra/python-jinja2,master,"Owen Rafferty"
busybox,1.36.1 1,https://codeberg.org/kiss-community/repo.git,core/busybox,master,"Owen Rafferty"
linux-headers,6.6.16 1,https://codeberg.org/kiss-community/repo.git,core/linux-headers,master,"Owen Rafferty"
libmpc,1.3.1 1,https://codeberg.org/kiss-community/repo.git,core/libmpc,master,"Owen Rafferty"
bzip2,1.0.8 1,https://codeberg.org/kiss-community/repo.git,core/bzip2,master,"Dylan Araps"
openssl,3.4.0 1,https://codeberg.org/kiss-community/repo.git,core/openssl,master,"Owen Rafferty"
mpfr,4.2.1 1,https://codeberg.org/kiss-community/repo.git,core/mpfr,master,"Owen Rafferty"
musl,1.2.5 1,https://codeberg.org/kiss-community/repo.git,core/musl,master,"Owen Rafferty"
baseinit,1.0.3 1,https://codeberg.org/kiss-community/repo.git,core/baseinit,master,"Dylan Araps"
grub,2.12 1,https://codeberg.org/kiss-community/repo.git,core/grub,master,"Owen Rafferty"
make,4.4.1 1,https://codeberg.org/kiss-community/repo.git,core/make,master,"Owen Rafferty"
gcc,14.2.0 1,https://codeberg.org/kiss-community/repo.git,core/gcc,master,"Owen Rafferty"
zlib,1.3.1 1,https://codeberg.org/kiss-community/repo.git,core/zlib,master,"Owen Rafferty"
baselayout,1 9,https://codeberg.org/kiss-community/repo.git,core/baselayout,master,"phoebos"
b3sum,1.3.1 1,https://codeberg.org/kiss-community/repo.git,core/b3sum,master,"git-bruh"
certs,2024-07-02 1,https://codeberg.org/kiss-community/repo.git,core/certs,master,"Owen Rafferty"
bison,3.8.2 1,https://codeberg.org/kiss-community/repo.git,core/bison,master,"Dylan Araps"
curl,8.11.0 1,https://codeberg.org/kiss-community/repo.git,core/curl,master,"Owen Rafferty"
xz,5.6.3 1,https://codeberg.org/kiss-community/repo.git,core/xz,master,"Owen Rafferty"
kiss,6.1.2 2,https://codeberg.org/kiss-community/repo.git,core/kiss,master,"Owen Rafferty"
m4,1.4.19 1,https://codeberg.org/kiss-community/repo.git,core/m4,master,"Dylan Araps"
pigz,2.8 1,https://codeberg.org/kiss-community/repo.git,core/pigz,master,"Owen Rafferty"
git,2.47.1 1,https://codeberg.org/kiss-community/repo.git,core/git,master,"Owen Rafferty"
flex,2.6.4 4,https://codeberg.org/kiss-community/repo.git,core/flex,master,"Dylan Araps"
gmp,6.3.0 1,https://codeberg.org/kiss-community/repo.git,core/gmp,master,"Owen Rafferty"
binutils,2.43.1 1,https://codeberg.org/kiss-community/repo.git,core/binutils,master,"Owen Rafferty"
busybox,1.34.0 4,https://codeberg.org/kobeni/kiss-repo.git,busybox,main,"kobeni"
linux-headers,5.14.9 1,https://codeberg.org/kobeni/kiss-repo.git,linux-headers,main,"kobeni"
mng-cli,2.1.5 1 ,https://codeberg.org/kobeni/kiss-repo.git,mng-cli,main,"kobeni"
pash,2.3.0 1 ,https://codeberg.org/kobeni/kiss-repo.git,pash,main,"kobeni"
sdhcp,git 1,https://codeberg.org/luizbra/kiss-luizbra,extra/sdhcp,main,"luizbra"
pfetch,0.6.0 1,https://codeberg.org/luizbra/kiss-luizbra,extra/pfetch,main,"luizbra"
pash,git 1,https://codeberg.org/luizbra/kiss-luizbra,extra/pash,main,"luizbra"
file,5.40 1,https://codeberg.org/luizbra/kiss-luizbra,extra/file,main,"luizbra"
imagemagick,7.1.0-8 1,https://codeberg.org/luizbra/kiss-luizbra,extra/imagemagick,main,"luizbra"
wget,1.21.2 1,https://codeberg.org/luizbra/kiss-luizbra,extra/wget,main,"luizbra"
spotifyd,0.3.2 1,https://codeberg.org/luizbra/kiss-luizbra,extra/spotifyd,main,"luizbra"
lib32-libX11,symlink,https://codeberg.org/sewn/kiss-multilib.git,lib32-libX11,master,"unknown"
lib32-zlib,symlink,https://codeberg.org/sewn/kiss-multilib.git,lib32-zlib,master,"unknown"
lib32-libXrandr,symlink,https://codeberg.org/sewn/kiss-multilib.git,lib32-libXrandr,master,"unknown"
lib32-libva,symlink,https://codeberg.org/sewn/kiss-multilib.git,lib32-libva,master,"unknown"
lib32-libXtst,symlink,https://codeberg.org/sewn/kiss-multilib.git,lib32-libXtst,master,"unknown"
lib32-libffi,symlink,https://codeberg.org/sewn/kiss-multilib.git,lib32-libffi,master,"unknown"
lib32-libglvnd,symlink,https://codeberg.org/sewn/kiss-multilib.git,lib32-libglvnd,master,"unknown"
lib32-glibc,symlink,https://codeberg.org/sewn/kiss-multilib.git,lib32-glibc,master,"unknown"
lib32-pixman,symlink,https://codeberg.org/sewn/kiss-multilib.git,lib32-pixman,master,"unknown"
lib32-mesa,symlink,https://codeberg.org/sewn/kiss-multilib.git,lib32-mesa,master,"unknown"
Vulkan-Loader,symlink,https://codeberg.org/sewn/kiss-multilib.git,Vulkan-Loader,master,"unknown"
lib32-libdrm,symlink,https://codeberg.org/sewn/kiss-multilib.git,lib32-libdrm,master,"unknown"
lib32-pango,symlink,https://codeberg.org/sewn/kiss-multilib.git,lib32-pango,master,"unknown"
lib32-libICE,symlink,https://codeberg.org/sewn/kiss-multilib.git,lib32-libICE,master,"unknown"
lib32-Vulkan-Loader,symlink,https://codeberg.org/sewn/kiss-multilib.git,lib32-Vulkan-Loader,master,"unknown"
lib32-zstd,symlink,https://codeberg.org/sewn/kiss-multilib.git,lib32-zstd,master,"unknown"
lib32-libvdpau,symlink,https://codeberg.org/sewn/kiss-multilib.git,lib32-libvdpau,master,"unknown"
lib32-libpng,symlink,https://codeberg.org/sewn/kiss-multilib.git,lib32-libpng,master,"unknown"
wine-mono,7.4.0 1,https://codeberg.org/sewn/kiss-multilib.git,wine-mono,master,"wael"
lib32-libXi,symlink,https://codeberg.org/sewn/kiss-multilib.git,lib32-libXi,master,"unknown"
lib32-expat,symlink,https://codeberg.org/sewn/kiss-multilib.git,lib32-expat,master,"unknown"
lib32-libxcb,symlink,https://codeberg.org/sewn/kiss-multilib.git,lib32-libxcb,master,"unknown"
lib32-libXinerama,symlink,https://codeberg.org/sewn/kiss-multilib.git,lib32-libXinerama,master,"unknown"
pulseaudio,16.1 1,https://codeberg.org/sewn/kiss-multilib.git,pulseaudio,master,"wael"
lib32-curl,symlink,https://codeberg.org/sewn/kiss-multilib.git,lib32-curl,master,"unknown"
lib32-gdk-pixbuf,symlink,https://codeberg.org/sewn/kiss-multilib.git,lib32-gdk-pixbuf,master,"unknown"
lib32-libXfixes,symlink,https://codeberg.org/sewn/kiss-multilib.git,lib32-libXfixes,master,"unknown"
lib32-gtk+2,symlink,https://codeberg.org/sewn/kiss-multilib.git,lib32-gtk+2,master,"unknown"
lib32-gnutls,symlink,https://codeberg.org/sewn/kiss-multilib.git,lib32-gnutls,master,"unknown"
lib32-libXft,symlink,https://codeberg.org/sewn/kiss-multilib.git,lib32-libXft,master,"unknown"
lib32-cairo,symlink,https://codeberg.org/sewn/kiss-multilib.git,lib32-cairo,master,"unknown"
lib32-nettle,symlink,https://codeberg.org/sewn/kiss-multilib.git,lib32-nettle,master,"unknown"
Vulkan-Tools,symlink,https://codeberg.org/sewn/kiss-multilib.git,Vulkan-Tools,master,"unknown"
lib32-libXcomposite,symlink,https://codeberg.org/sewn/kiss-multilib.git,lib32-libXcomposite,master,"unknown"
gcc,symlink,https://codeberg.org/sewn/kiss-multilib.git,gcc,master,"unknown"
lib32-libXrender,symlink,https://codeberg.org/sewn/kiss-multilib.git,lib32-libXrender,master,"unknown"
lib32-libelf,symlink,https://codeberg.org/sewn/kiss-multilib.git,lib32-libelf,master,"unknown"
lib32-pulseaudio,symlink,https://codeberg.org/sewn/kiss-multilib.git,lib32-pulseaudio,master,"unknown"
lib32-harfbuzz,5.3.1 1,https://codeberg.org/sewn/kiss-multilib.git,lib32-harfbuzz,master,"wael"
lib32-fontconfig,symlink,https://codeberg.org/sewn/kiss-multilib.git,lib32-fontconfig,master,"unknown"
lib32-glib,symlink,https://codeberg.org/sewn/kiss-multilib.git,lib32-glib,master,"unknown"
lib32-atk,symlink,https://codeberg.org/sewn/kiss-multilib.git,lib32-atk,master,"unknown"
lib32-alsa-lib,symlink,https://codeberg.org/sewn/kiss-multilib.git,lib32-alsa-lib,master,"unknown"
lib32-openssl,symlink,https://codeberg.org/sewn/kiss-multilib.git,lib32-openssl,master,"unknown"
lib32-libXau,symlink,https://codeberg.org/sewn/kiss-multilib.git,lib32-libXau,master,"unknown"
lib32-libpciaccess,symlink,https://codeberg.org/sewn/kiss-multilib.git,lib32-libpciaccess,master,"unknown"
lib32-libudev-zero,symlink,https://codeberg.org/sewn/kiss-multilib.git,lib32-libudev-zero,master,"unknown"
steam,1.0.0.75 1,https://codeberg.org/sewn/kiss-multilib.git,steam,master,"wael"
lib32-libXcursor,symlink,https://codeberg.org/sewn/kiss-multilib.git,lib32-libXcursor,master,"unknown"
lib32-llvm,symlink,https://codeberg.org/sewn/kiss-multilib.git,lib32-llvm,master,"unknown"
Vulkan-Headers,1.3.240 2,https://codeberg.org/sewn/kiss-multilib.git,Vulkan-Headers,master,"wael"
glslang,11.13.0 1,https://codeberg.org/sewn/kiss-multilib.git,glslang,master,"wael"
wine,8.0 1,https://codeberg.org/sewn/kiss-multilib.git,wine,master,"wael"
lib32-libsndfile,symlink,https://codeberg.org/sewn/kiss-multilib.git,lib32-libsndfile,master,"unknown"
lib32-libXext,symlink,https://codeberg.org/sewn/kiss-multilib.git,lib32-libXext,master,"unknown"
lib32-nvidia,symlink,https://codeberg.org/sewn/kiss-multilib.git,lib32-nvidia,master,"unknown"
lib32-pipewire,symlink,https://codeberg.org/sewn/kiss-multilib.git,lib32-pipewire,master,"unknown"
lib32-libxshmfence,symlink,https://codeberg.org/sewn/kiss-multilib.git,lib32-libxshmfence,master,"unknown"
lib32-libXmeta,unknown,https://codeberg.org/sewn/kiss-multilib.git,lib32-libXmeta,master,"unknown"
lib32-freetype,2.12.1 1,https://codeberg.org/sewn/kiss-multilib.git,lib32-freetype,master,"wael"
lib32-openal-soft,symlink,https://codeberg.org/sewn/kiss-multilib.git,lib32-openal-soft,master,"unknown"
lib32-bzip2,symlink,https://codeberg.org/sewn/kiss-multilib.git,lib32-bzip2,master,"unknown"
lib32-libXdamage,symlink,https://codeberg.org/sewn/kiss-multilib.git,lib32-libXdamage,master,"unknown"
lib32-libSM,symlink,https://codeberg.org/sewn/kiss-multilib.git,lib32-libSM,master,"unknown"
lib32-pcre2,symlink,https://codeberg.org/sewn/kiss-multilib.git,lib32-pcre2,master,"unknown"
libvdpau,1.5 1,https://codeberg.org/sewn/kiss-multilib.git,libvdpau,master,"wael"
lib32-libXxf86vm,symlink,https://codeberg.org/sewn/kiss-multilib.git,lib32-libXxf86vm,master,"unknown"
binutils,symlink,https://codeberg.org/sewn/kiss-multilib.git,binutils,master,"unknown"
ffmpeg,7.0 1,https://codeberg.org/sewn/kiss-repo.git,overrides/ffmpeg,master,"sewn"
appstream,1.0.3 1,https://codeberg.org/sewn/kiss-repo.git,overrides/appstream,master,"sewn"
ubase,git 1,https://codeberg.org/sewn/kiss-repo.git,overrides/ubase,master,"sewn"
baseinit,1.0.3 1,https://codeberg.org/sewn/kiss-repo.git,overrides/baseinit,master,"sewn"
sinit,git 1,https://codeberg.org/sewn/kiss-repo.git,overrides/sinit,master,"sewn"
libudev-zero,bbeb7ad5 1,https://codeberg.org/sewn/kiss-repo.git,overrides/libudev-zero,master,"sewn"
libelf,0.191 1,https://codeberg.org/sewn/kiss-repo.git,overrides/libelf,master,"sewn"
gcc,13.3.0 1,https://codeberg.org/sewn/kiss-repo.git,overrides/gcc,master,"sewn"
spotify-player,git 1,https://codeberg.org/sewn/kiss-repo.git,overrides/spotify-player,master,"sewn"
zlib-ng,2.1.6 1,https://codeberg.org/sewn/kiss-repo.git,overrides/zlib-ng,master,"sewn"
pipewire,1.0.6+0.5.2 1,https://codeberg.org/sewn/kiss-repo.git,overrides/pipewire,master,"sewn"
kiss,5.6.4 2,https://codeberg.org/sewn/kiss-repo.git,overrides/kiss,master,"sewn"
sbase,git 1,https://codeberg.org/sewn/kiss-repo.git,overrides/sbase,master,"sewn"
pqiv,2.12 1 ,https://codeberg.org/sewn/kiss-repo.git,overrides/pqiv,master,"sewn"
bc,6.7.4 1,https://codeberg.org/sewn/kiss-repo.git,overrides/bc,master,"sewn"
mesa,24.0.7 1,https://codeberg.org/sewn/kiss-repo.git,overrides/mesa,master,"sewn"
perl-io-socket-ssl,2.084 1,https://codeberg.org/sewn/kiss-repo.git,repo/perl-io-socket-ssl,master,"sewn"
libolm,3.2.15 1,https://codeberg.org/sewn/kiss-repo.git,repo/libolm,master,"sewn"
ugrep,6.0.0 1,https://codeberg.org/sewn/kiss-repo.git,repo/ugrep,master,"sewn"
urcu,0.14.0 1,https://codeberg.org/sewn/kiss-repo.git,repo/urcu,master,"sewn"
sdhcp,0.2 1,https://codeberg.org/sewn/kiss-repo.git,repo/sdhcp,master,"sewn"
ttf-gomono,0.9.0 1,https://codeberg.org/sewn/kiss-repo.git,repo/ttf-gomono,master,"sewn"
upterm,0.13.0 1,https://codeberg.org/sewn/kiss-repo.git,repo/upterm,master,"sewn"
musl-obstack,1.2.3. 1,https://codeberg.org/sewn/kiss-repo.git,repo/musl-obstack,master,"sewn"
qt6-5compat,6.4.1 1,https://codeberg.org/sewn/kiss-repo.git,repo/qt6-5compat,master,"sewn"
python-gobject-introspection,3.44.2 1,https://codeberg.org/sewn/kiss-repo.git,repo/python-gobject-introspection,master,"sewn"
mesa-demos,9.0.0 1,https://codeberg.org/sewn/kiss-repo.git,repo/mesa-demos,master,"sewn"
libspng,0.7.4 1,https://codeberg.org/sewn/kiss-repo.git,repo/libspng,master,"sewn"
playerctl,2.4.1 1,https://codeberg.org/sewn/kiss-repo.git,repo/playerctl,master,"sewn"
mingw-w64-crt,11.0.1 1,https://codeberg.org/sewn/kiss-repo.git,repo/mingw-w64-crt,master,"sewn"
xfsprogs,6.8.0 1,https://codeberg.org/sewn/kiss-repo.git,repo/xfsprogs,master,"sewn"
linux-firmware,20240513+20240514 1,https://codeberg.org/sewn/kiss-repo.git,repo/linux-firmware,master,"sewn"
ttf-jetbrainsmono,2.304 1,https://codeberg.org/sewn/kiss-repo.git,repo/ttf-jetbrainsmono,master,"sewn"
flatpak-builder,1.4.3 1,https://codeberg.org/sewn/kiss-repo.git,repo/flatpak-builder,master,"sewn"
mangohud,0.7.0 1,https://codeberg.org/sewn/kiss-repo.git,repo/mangohud,master,"sewn"
mingw-w64-gcc-base,13.2.0 1,https://codeberg.org/sewn/kiss-repo.git,repo/mingw-w64-gcc-base,master,"sewn"
opencl,2024.05.08 1,https://codeberg.org/sewn/kiss-repo.git,repo/opencl,master,"sewn"
llvm-runtimes,18.1.5 1,https://codeberg.org/sewn/kiss-repo.git,repo/llvm-runtimes,master,"sewn"
mingw-w64-headers,11.0.1 1,https://codeberg.org/sewn/kiss-repo.git,repo/mingw-w64-headers,master,"sewn"
qt6,6.6.1 1,https://codeberg.org/sewn/kiss-repo.git,repo/qt6,master,"sewn"
dwl,c1d8b77 1,https://codeberg.org/sewn/kiss-repo.git,repo/dwl,master,"sewn"
perl-net-ssleay,1.92 1,https://codeberg.org/sewn/kiss-repo.git,repo/perl-net-ssleay,master,"sewn"
perl-uri,5.21 1,https://codeberg.org/sewn/kiss-repo.git,repo/perl-uri,master,"sewn"
wev,1.0.0 1,https://codeberg.org/sewn/kiss-repo.git,repo/wev,master,"sewn"
wine-staging,8.15 1,https://codeberg.org/sewn/kiss-repo.git,repo/wine-staging,master,"sewn"
python-lxml,4.9.4 1,https://codeberg.org/sewn/kiss-repo.git,repo/python-lxml,master,"sewn"
sx4,git 1,https://codeberg.org/sewn/kiss-repo.git,repo/sx4,master,"sewn"
vulkan-loader,1.3.287 1,https://codeberg.org/sewn/kiss-repo.git,repo/vulkan-loader,master,"sewn"
spicetify-cli,2.21.0 1,https://codeberg.org/sewn/kiss-repo.git,repo/spicetify-cli,master,"sewn"
meta,1 2,https://codeberg.org/sewn/kiss-repo.git,repo/meta,master,"sewn"
argp-standalone,1.5.0 1,https://codeberg.org/sewn/kiss-repo.git,repo/argp-standalone,master,"sewn"
ungoogled-chromium,126.0.6478.114 1,https://codeberg.org/sewn/kiss-repo.git,repo/ungoogled-chromium,master,"sewn"
cython,0.29.37 1,https://codeberg.org/sewn/kiss-repo.git,repo/cython,master,"sewn"
mingw-w64-winpthreads,11.0.1 1,https://codeberg.org/sewn/kiss-repo.git,repo/mingw-w64-winpthreads,master,"sewn"
hare,git 1,https://codeberg.org/sewn/kiss-repo.git,repo/hare,master,"sewn"
dwlb,git 1,https://codeberg.org/sewn/kiss-repo.git,repo/dwlb,master,"sewn"
lite-xl,2.1.1 1,https://codeberg.org/sewn/kiss-repo.git,repo/lite-xl,master,"sewn"
dfu-programmer,1.1.0 1,https://codeberg.org/sewn/kiss-repo.git,repo/dfu-programmer,master,"sewn"
compiler-rt,18.1.5 1,https://codeberg.org/sewn/kiss-repo.git,repo/compiler-rt,master,"sewn"
opencl-headers,2024.05.08 1,https://codeberg.org/sewn/kiss-repo.git,repo/opencl-headers,master,"sewn"
ttf-iosevka,27.3.1 2,https://codeberg.org/sewn/kiss-repo.git,repo/ttf-iosevka,master,"sewn"
mingw-w64-gcc,13.2.0 1,https://codeberg.org/sewn/kiss-repo.git,repo/mingw-w64-gcc,master,"sewn"
smartmontools,7.4 1,https://codeberg.org/sewn/kiss-repo.git,repo/smartmontools,master,"sewn"
gopass,1.15.13 1,https://codeberg.org/sewn/kiss-repo.git,repo/gopass,master,"sewn"
vulkan-tools,1.3.287 1,https://codeberg.org/sewn/kiss-repo.git,repo/vulkan-tools,master,"sewn"
intel-media-driver,24.2.3 1,https://codeberg.org/sewn/kiss-repo.git,repo/intel-media-driver,master,"sewn"
gcovr,6.0 1,https://codeberg.org/sewn/kiss-repo.git,repo/gcovr,master,"sewn"
gamescope,3.12.7 1,https://codeberg.org/sewn/kiss-repo.git,repo/gamescope,master,"sewn"
noto-fonts,23.10.1 1,https://codeberg.org/sewn/kiss-repo.git,repo/noto-fonts,master,"sewn"
dunst,1.9.2 1,https://codeberg.org/sewn/kiss-repo.git,repo/dunst,master,"sewn"
musl-fts,1.2.7 1,https://codeberg.org/sewn/kiss-repo.git,repo/musl-fts,master,"sewn"
perl-authen-sasl,2.1700 1,https://codeberg.org/sewn/kiss-repo.git,repo/perl-authen-sasl,master,"sewn"
scc,2.13.0 2,https://codeberg.org/sewn/kiss-repo.git,repo/scc,master,"sewn"
volk,git 1,https://codeberg.org/sewn/kiss-repo.git,repo/volk,master,"sewn"
gomuks,09a9279 1,https://codeberg.org/sewn/kiss-repo.git,repo/gomuks,master,"sewn"
glu,9.0.3 1,https://codeberg.org/sewn/kiss-repo.git,repo/glu,master,"sewn"
linux,6.10-rc2 1,https://codeberg.org/sewn/kiss-repo.git,repo/linux,master,"sewn"
muon,git 1,https://codeberg.org/sewn/kiss-repo.git,repo/muon,master,"sewn"
glslang,13.1.1 1,https://codeberg.org/sewn/kiss-repo.git,repo/glslang,master,"sewn"
wine,9.9 1,https://codeberg.org/sewn/kiss-repo.git,repo/wine,master,"sewn"
ladybird,ab6b687 1,https://codeberg.org/sewn/kiss-repo.git,repo/ladybird,master,"sewn"
librespeed-cli,1.0.10 1,https://codeberg.org/sewn/kiss-repo.git,repo/librespeed-cli,master,"sewn"
sober,git 1,https://codeberg.org/sewn/kiss-repo.git,repo/sober,master,"sewn"
intel-gmmlib,22.3.19 1,https://codeberg.org/sewn/kiss-repo.git,repo/intel-gmmlib,master,"sewn"
graphvis,8.1.0 1,https://codeberg.org/sewn/kiss-repo.git,repo/graphvis,master,"sewn"
basu,0.2.1 1,https://codeberg.org/sewn/kiss-repo.git,repo/basu,master,"sewn"
gpu-screen-recorder,git 2,https://codeberg.org/sewn/kiss-repo.git,repo/gpu-screen-recorder,master,"sewn"
mingw-w64-binutils,2.41 1,https://codeberg.org/sewn/kiss-repo.git,repo/mingw-w64-binutils,master,"sewn"
gopass-jsonapi,1.15.13 1,https://codeberg.org/sewn/kiss-repo.git,repo/gopass-jsonapi,master,"sewn"
ps_mem,3.14 1,https://codeberg.org/sewn/kiss-repo.git,repo/ps_mem,master,"sewn"
vbase,1 1,https://codeberg.org/sewn/kiss-repo.git,repo/vbase,master,"sewn"
oneko-sakura,1.2.sakura.5 1,https://codeberg.org/sewn/kiss-repo.git,repo/oneko-sakura,master,"sewn"
llvm-bootstrap,18.1.7 1,https://codeberg.org/sewn/kiss-repo.git,llvm/llvm-bootstrap,master,"sewn"
llvm,18.1.7 1,https://codeberg.org/sewn/kiss-repo.git,llvm/llvm,master,"sewn"
pmount,0.9.23 1,https://github.com/kiss-community/community,community/pmount,main,"Michele Zuccalà"
exiftool,12.98 1 ,https://github.com/kiss-community/community,community/exiftool,main,"Vouivre"
lmdb,0.9.31 1,https://github.com/kiss-community/community,community/lmdb,main,"git-bruh"
hostapd,2.11 1,https://github.com/kiss-community/community,community/hostapd,main,"chra"
hack,3.003 1 ,https://github.com/kiss-community/community,community/hack,main,"Dylan Araps"
lzo,2.10 1  ,https://github.com/kiss-community/community,community/lzo,main,"mb"
curlpp,0.8.1 1,https://github.com/kiss-community/community,community/curlpp,main,"djt3"
mblaze,1.3 1,https://github.com/kiss-community/community,community/mblaze,main,"phoebos"
ghostscript,10.04.0 1 ,https://github.com/kiss-community/community,community/ghostscript,main,"Vouivre"
libisofs,1.5.4 1,https://github.com/kiss-community/community,community/libisofs,main,"git-bruh"
ecl,24.5.10 1,https://github.com/kiss-community/community,community/ecl,main,"Ethan"
shinit,1.0.0 1 ,https://github.com/kiss-community/community,community/shinit,main,"Dylan Araps"
sudo,1.9.16 2,https://github.com/kiss-community/community,community/sudo,main,"AVS-Origami"
glow-bin,2.0.0 1,https://github.com/kiss-community/community,community/glow-bin,main,"git-bruh"
ctags,5.8 1,https://github.com/kiss-community/community,community/ctags,main,"Arthur Williams"
ugrep,6.0.0 1,https://github.com/kiss-community/community,community/ugrep,main,"sewn"
zzz,1 1 ,https://github.com/kiss-community/community,community/zzz,main,"Dylan Araps"
qt5-webchannel,5.15.8 2,https://github.com/kiss-community/community,community/qt5-webchannel,main,"davidgarland"
libmupdf,1.24.11 1,https://github.com/kiss-community/community,community/libmupdf,main,"Owen Rafferty"
entr,5.6 1,https://github.com/kiss-community/community,community/entr,main,"Ethan"
s6,2.13.0.0 1,https://github.com/kiss-community/community,community/s6,main,"git-bruh"
libatomic_ops,7.8.2 1,https://github.com/kiss-community/community,community/libatomic_ops,main,"Ethan"
libksba,1.6.7 1,https://github.com/kiss-community/community,community/libksba,main,"phoebos"
ccrypt,1.11 1,https://github.com/kiss-community/community,community/ccrypt,main,"Arthur Williams"
nano,8.2 1 ,https://github.com/kiss-community/community,community/nano,main,"Skyrixfr"
fortune,0.0.1 2,https://github.com/kiss-community/community,community/fortune,main,"Armaan Bhojwani"
gopls,0.16.2 1,https://github.com/kiss-community/community,community/gopls,main,"git-bruh"
gnu-netcat,0.7.1 1 ,https://github.com/kiss-community/community,community/gnu-netcat,main,"Daniel M. Matongo"
flatpak,1.14.10 1,https://github.com/kiss-community/community,community/flatpak,main,"git-bruh"
jo,1.6 1,https://github.com/kiss-community/community,community/jo,main,"Xiaodong Xu"
pciutils,3.13.0 1,https://github.com/kiss-community/community,community/pciutils,main,"git-bruh"
init-hooks,git 1,https://github.com/kiss-community/community,community/init-hooks,main,"illiliti"
gperf,3.1 1,https://github.com/kiss-community/community,community/gperf,main,"git-bruh"
autoconf-archive,2023.02.20 1,https://github.com/kiss-community/community,community/autoconf-archive,main,"jslick"
json-glib,1.10.0 1,https://github.com/kiss-community/community,community/json-glib,main,"git-bruh"
swaybg,1.2.1 1,https://github.com/kiss-community/community,community/swaybg,main,"git-bruh"
sgt-puzzles,20231025 1,https://github.com/kiss-community/community,community/sgt-puzzles,main,"Jason Eslick"
goimports,git 1,https://github.com/kiss-community/community,community/goimports,main,"Camille"
smu-karlb,git 1,https://github.com/kiss-community/community,community/smu-karlb,main,"wael"
tiv,1.1.0 1,https://github.com/kiss-community/community,community/tiv,main,"Michael Czigler"
sysmgr,git 1,https://github.com/kiss-community/community,community/sysmgr,main,"Dilyn Corner"
darkhttpd,1.13 1,https://github.com/kiss-community/community,community/darkhttpd,main,"Xiaodong Xu"
umurmur,0.2.20 2,https://github.com/kiss-community/community,community/umurmur,main,"git-bruh"
wl-clipboard,2.2.1 1,https://github.com/kiss-community/community,community/wl-clipboard,main,"git-bruh"
qrencode,4.1.1 1,https://github.com/kiss-community/community,community/qrencode,main,"Cédric"
ytfzf,2.6.2 1 ,https://github.com/kiss-community/community,community/ytfzf,main,"Vouivre"
unzip,6.0 2,https://github.com/kiss-community/community,community/unzip,main,"git-bruh"
asciinema,2.4.0 1,https://github.com/kiss-community/community,community/asciinema,main,"git-bruh"
lm-sensors,3.6.0 1,https://github.com/kiss-community/community,community/lm-sensors,main,"GullikX"
dogefetch,1.2.4 1,https://github.com/kiss-community/community,community/dogefetch,main,"Ali Burak"
kiss-find,2.3 1,https://github.com/kiss-community/community,community/kiss-find,main,"phoebos"
pystring,1.1.4 1,https://github.com/kiss-community/community,community/pystring,main,"Rohan"
kexec-tools,2.0.29 1,https://github.com/kiss-community/community,community/kexec-tools,main,"git-bruh"
zsh,5.9 1,https://github.com/kiss-community/community,community/zsh,main,"Azriel Akbar Ferry A"
pfetch,0.6.0 1 ,https://github.com/kiss-community/community,community/pfetch,main,"Owen Rafferty"
procps-ng,4.0.4 1,https://github.com/kiss-community/community,community/procps-ng,main,"sewn"
kakoune,2024.05.18 1,https://github.com/kiss-community/community,community/kakoune,main,"Riteo"
libburn,1.5.4 1,https://github.com/kiss-community/community,community/libburn,main,"git-bruh"
neofetch,7.1.0 1,https://github.com/kiss-community/community,community/neofetch,main,"Dylan Araps"
gawk,5.3.1 1,https://github.com/kiss-community/community,community/gawk,main,"git-bruh"
iniparser,4.2.1 1,https://github.com/kiss-community/community,community/iniparser,main,"Rohan"
typescript-language-server,4.3.3 1,https://github.com/kiss-community/community,community/typescript-language-server,main,"git-bruh"
brlaser,6 1,https://github.com/kiss-community/community,community/brlaser,main,"chra"
yasm,1.3.0 1,https://github.com/kiss-community/community,community/yasm,main,"ilmich"
readline,8.2p013 1,https://github.com/kiss-community/community,community/readline,main,"phoebos"
gnupg2,2.5.1 1,https://github.com/kiss-community/community,community/gnupg2,main,"git-bruh"
yajl,2.1.0 1 ,https://github.com/kiss-community/community,community/yajl,main,"Ominitay"
xxd,6b085b9d7367e077ca69f4f82ba0f92cc6b6e443 1,https://github.com/kiss-community/community,community/xxd,main,"git-bruh"
libcupsfilters,2.0.0 1 ,https://github.com/kiss-community/community,community/libcupsfilters,main,"Vouivre"
cproc,git 1,https://github.com/kiss-community/community,community/cproc,main,"git-bruh"
iproute2,6.11.0 1,https://github.com/kiss-community/community,community/iproute2,main,"git-bruh"
exa,0.10.1 2,https://github.com/kiss-community/community,community/exa,main,"Armaan Bhojwani"
transmission,3.00 1 ,https://github.com/kiss-community/community,community/transmission,main,"Camille"
zip,3.0 2,https://github.com/kiss-community/community,community/zip,main,"git-bruh"
shellcheck-bin,0.10.0 1,https://github.com/kiss-community/community,community/shellcheck-bin,main,"git-bruh"
mg,7.0 1,https://github.com/kiss-community/community,community/mg,main,"Xiaodong Xu"
retrogram-rtlsdr,git 1,https://github.com/kiss-community/community,community/retrogram-rtlsdr,main,"Michael Czigler"
ripgrep,13.0.0 1,https://github.com/kiss-community/community,community/ripgrep,main,"jslick"
zathura-pdf-poppler,0.3.3 1,https://github.com/kiss-community/community,community/zathura-pdf-poppler,main,"Vouivre"
msgpack-c,6.0.0 1,https://github.com/kiss-community/community,community/msgpack-c,main,"git-bruh"
tdb,1.4.12 1,https://github.com/kiss-community/community,community/tdb,main,"Vouivre"
sdl2,2.30.8 1,https://github.com/kiss-community/community,community/sdl2,main,"git-bruh"
libsixel,1.10.3 1,https://github.com/kiss-community/community,community/libsixel,main,"Wolf Gupta"
scryer-prolog,0.9.4 1,https://github.com/kiss-community/community,community/scryer-prolog,main,"Ethan"
less,661 1,https://github.com/kiss-community/community,community/less,main,"git-bruh"
shfmt-bin,3.9.0 1,https://github.com/kiss-community/community,community/shfmt-bin,main,"git-bruh"
ruby,3.1.2 1,https://github.com/kiss-community/community,community/ruby,main,"Daniel M. Matongo"
ttf-font-awesome,6.4.2 1,https://github.com/kiss-community/community,community/ttf-font-awesome,main,"git-bruh"
bandwhich,0.23.0 1,https://github.com/kiss-community/community,community/bandwhich,main,"git-bruh"
bit-bin,1.1.2 1,https://github.com/kiss-community/community,community/bit-bin,main,"Xiaodong Xu"
djvulibre,3.5.28 1,https://github.com/kiss-community/community,community/djvulibre,main,"ectlunya"
pybind11,2.13.1 1,https://github.com/kiss-community/community,community/pybind11,main,"Rohan"
gdb,15.2 1,https://github.com/kiss-community/community,community/gdb,main,"Ethan"
libev,4.33 1 ,https://github.com/kiss-community/community,community/libev,main,"git-bruh"
vundle,0.10.2 2,https://github.com/kiss-community/community,community/vundle,main,"Arthur Williams"
ntfs-3g,2022.10.3 1,https://github.com/kiss-community/community,community/ntfs-3g,main,"David John"
sed,4.8 1 ,https://github.com/kiss-community/community,community/sed,main,"mb"
go,1.23.2 1,https://github.com/kiss-community/community,community/go,main,"git-bruh"
emacs-compat,30.0.0.0 1,https://github.com/kiss-community/community,community/emacs-compat,main,"Ethan"
pick,4.0.0 1,https://github.com/kiss-community/community,community/pick,main,"git-bruh"
bat,0.24.0 1,https://github.com/kiss-community/community,community/bat,main,"Jason Eslick"
sbcl,2.4.10 1,https://github.com/kiss-community/community,community/sbcl,main,"Ethan"
libbpf,1.4.6 1,https://github.com/kiss-community/community,community/libbpf,main,"git-bruh"
zathura-djvu,0.2.9 1,https://github.com/kiss-community/community,community/zathura-djvu,main,"ectlunya"
dash,0.5.12 1,https://github.com/kiss-community/community,community/dash,main,"git-bruh"
fuse,3.16.2 1,https://github.com/kiss-community/community,community/fuse,main,"Riteo"
libdvdcss,1.4.3 1,https://github.com/kiss-community/community,community/libdvdcss,main,"Arthur Williams"
libnl,3.10.0 1,https://github.com/kiss-community/community,community/libnl,main,"git-bruh"
gtest,1.15.2 1,https://github.com/kiss-community/community,community/gtest,main,"git-bruh"
htop,3.3.0 1,https://github.com/kiss-community/community,community/htop,main,"git-bruh"
kak-lsp-bin,14.2.0 1,https://github.com/kiss-community/community,community/kak-lsp-bin,main,"git-bruh"
minikube,1.34.0 1,https://github.com/kiss-community/community,community/minikube,main,"git-bruh"
cloc,2.00 1,https://github.com/kiss-community/community,community/cloc,main,"hovercats"
runit,2.1.2 1,https://github.com/kiss-community/community,community/runit,main,"Dylan Araps"
appstream,1.0.3 1,https://github.com/kiss-community/community,community/appstream,main,"git-bruh"
apulse,0.1.13 1,https://github.com/kiss-community/community,community/apulse,main,"wael"
nawk-git,git 1 ,https://github.com/kiss-community/community,community/nawk-git,main,"Owen Rafferty"
amfora,1.10.0 1,https://github.com/kiss-community/community,community/amfora,main,"phoebos"
ubase,git 5,https://github.com/kiss-community/community,community/ubase,main,"hovercats"
abduco,0.6 1,https://github.com/kiss-community/community,community/abduco,main,"ectlunya"
diskonaut,0.11.0 1,https://github.com/kiss-community/community,community/diskonaut,main,"Xiaodong Xu"
libconfig,1.7.3 1 ,https://github.com/kiss-community/community,community/libconfig,main,"git-bruh"
terminus-font,4.49.1 2,https://github.com/kiss-community/community,community/terminus-font,main,"nvidiaLinuxUser"
evremap,d0e8eb231fdeaf9c6457b36c1f04164150a82ad0 1,https://github.com/kiss-community/community,community/evremap,main,"git-bruh"
libpsl,0.21.5 1,https://github.com/kiss-community/community,community/libpsl,main,"hovercats"
falkon,git 4,https://github.com/kiss-community/community,community/falkon,main,"Dilyn Corner"
unbound,1.22.0 1,https://github.com/kiss-community/community,community/unbound,main,"chra"
cantarell-fonts,0.301 1,https://github.com/kiss-community/community,community/cantarell-fonts,main,"git-bruh"
libslirp,4.8.0 1,https://github.com/kiss-community/community,community/libslirp,main,"git-bruh"
neatvnc,0.7.0 1,https://github.com/kiss-community/community,community/neatvnc,main,"Rohan"
msmtp,1.8.27 1,https://github.com/kiss-community/community,community/msmtp,main,"Vouivre"
tokei,12.1.2 1,https://github.com/kiss-community/community,community/tokei,main,"dylanaraps"
btrfs-progs,6.11 1,https://github.com/kiss-community/community,community/btrfs-progs,main,"git-bruh"
wireless_tools,30.pre9 1,https://github.com/kiss-community/community,community/wireless_tools,main,"git-bruh"
lvm2,2.03.26 1,https://github.com/kiss-community/community,community/lvm2,main,"git-bruh"
crosstool-ng,git 1,https://github.com/kiss-community/community,community/crosstool-ng,main,"Dilyn Corner"
scrcpy,2.7 1,https://github.com/kiss-community/community,community/scrcpy,main,"git-bruh"
cryptsetup,2.7.5 1,https://github.com/kiss-community/community,community/cryptsetup,main,"git-bruh"
ostree,2024.8 1,https://github.com/kiss-community/community,community/ostree,main,"git-bruh"
gspt,7943ffde3a29806f4ebfb998ca2002490c42ac0b 1,https://github.com/kiss-community/community,community/gspt,main,"David John"
yt-dlp,2024.11.18 1,https://github.com/kiss-community/community,community/yt-dlp,main,"Owen Rafferty"
libtermkey,0.22 2,https://github.com/kiss-community/community,community/libtermkey,main,"Dante Issaias"
imath,3.1.11 1,https://github.com/kiss-community/community,community/imath,main,"Rohan"
pinentry,1.3.1 1,https://github.com/kiss-community/community,community/pinentry,main,"phoebos"
rtorrent,0.10.0 1,https://github.com/kiss-community/community,community/rtorrent,main,"Rohan"
libuv,1.46.0 1,https://github.com/kiss-community/community,community/libuv,main,"git-bruh"
gtar,1.35 1,https://github.com/kiss-community/community,community/gtar,main,"git-bruh"
libssh,0.10.6 1,https://github.com/kiss-community/community,community/libssh,main,"git-bruh"
swaylock,1.7.2 1,https://github.com/kiss-community/community,community/swaylock,main,"git-bruh"
zathura-cb,0.1.10 1,https://github.com/kiss-community/community,community/zathura-cb,main,"Rohan"
mdev-usb,1 1,https://github.com/kiss-community/community,community/mdev-usb,main,"git-bruh"
swappy,1.5.1 1,https://github.com/kiss-community/community,community/swappy,main,"git-bruh"
mtools,4.0.45 1 ,https://github.com/kiss-community/community,community/mtools,main,"Vouivre"
iw,6.7 1,https://github.com/kiss-community/community,community/iw,main,"Owen Rafferty"
sinit,1.1 1,https://github.com/kiss-community/community,community/sinit,main,"Owen Rafferty"
zathura,0.5.8 1,https://github.com/kiss-community/community,community/zathura,main,"Vouivre"
libxslt,1.1.39 1,https://github.com/kiss-community/community,community/libxslt,main,"hovercats"
girara,0.4.4 1 ,https://github.com/kiss-community/community,community/girara,main,"Vouivre"
dmidecode,3.6 1 ,https://github.com/kiss-community/community,community/dmidecode,main,"Vouivre"
qt5,5.15.8 3,https://github.com/kiss-community/community,community/qt5,main,"davidgarland"
wayvnc,0.7.2 1,https://github.com/kiss-community/community,community/wayvnc,main,"Rohan"
9base,git 1 ,https://github.com/kiss-community/community,community/9base,main,"Aaron G"
libgphoto2,2.5.31 1 ,https://github.com/kiss-community/community,community/libgphoto2,main,"Vouivre"
exfatprogs,1.2.5 1,https://github.com/kiss-community/community,community/exfatprogs,main,"git-bruh"
brotli,1.1.0 1,https://github.com/kiss-community/community,community/brotli,main,"git-bruh"
go-ipfs,0.12.0 1,https://github.com/kiss-community/community,community/go-ipfs,main,"Daniel M. Matongo"
syncthing,1.27.12 1,https://github.com/kiss-community/community,community/syncthing,main,"git-bruh"
containerd,1.7.22 1,https://github.com/kiss-community/community,community/containerd,main,"git-bruh"
ttf-jetbrains-mono,2.304 1,https://github.com/kiss-community/community,community/ttf-jetbrains-mono,main,"git-bruh"
libseccomp,2.5.5 1,https://github.com/kiss-community/community,community/libseccomp,main,"git-bruh"
globe-cli,0.2.0 1,https://github.com/kiss-community/community,community/globe-cli,main,"Xiaodong Xu"
protobuf,28.2 1,https://github.com/kiss-community/community,community/protobuf,main,"git-bruh"
gumbo-parser,0.10.1 1,https://github.com/kiss-community/community,community/gumbo-parser,main,"Nihal"
gt5,1.4.0 4,https://github.com/kiss-community/community,community/gt5,main,"TAAPArthur"
android-tools,35.0.2 1,https://github.com/kiss-community/community,community/android-tools,main,"git-bruh"
jbig2dec,0.19 1,https://github.com/kiss-community/community,community/jbig2dec,main,"Nihal"
qt5-svg,5.15.8 3,https://github.com/kiss-community/community,community/qt5-svg,main,"davidgarland"
libedit,20210910-3.1 1,https://github.com/kiss-community/community,community/libedit,main,"git-bruh"
qpdf,11.9.1 1 ,https://github.com/kiss-community/community,community/qpdf,main,"Vouivre"
chicken,5.4.0 1,https://github.com/kiss-community/community,community/chicken,main,"phoebos"
ox,0.2.7 1,https://github.com/kiss-community/community,community/ox,main,"Daniel M. Matongo"
gpgme,1.23.2 1,https://github.com/kiss-community/community,community/gpgme,main,"git-bruh"
squashfs-tools,4.6.1 1,https://github.com/kiss-community/community,community/squashfs-tools,main,"git-bruh"
totp,0.1 1,https://github.com/kiss-community/community,community/totp,main,"Adrien Gallouët"
pkcs11-helper,1.29.0 1 ,https://github.com/kiss-community/community,community/pkcs11-helper,main,"Daniel M. Matongo"
libyaml,0.2.5 1 ,https://github.com/kiss-community/community,community/libyaml,main,"hovercats"
fmt,11.0.2 1,https://github.com/kiss-community/community,community/fmt,main,"git-bruh"
pandoc-bin,3.5 1 ,https://github.com/kiss-community/community,community/pandoc-bin,main,"Vouivre"
links,2.30 1,https://github.com/kiss-community/community,community/links,main,"phoebos"
luajit,2.1.1725453128 1,https://github.com/kiss-community/community,community/luajit,main,"git-bruh"
qt5-webengine,5.15.3 2,https://github.com/kiss-community/community,community/qt5-webengine,main,"Dilyn Corner"
libppd,2.0.0 1 ,https://github.com/kiss-community/community,community/libppd,main,"Vouivre"
libgpg-error,1.50 1,https://github.com/kiss-community/community,community/libgpg-error,main,"git-bruh"
libcap,2.70 1,https://github.com/kiss-community/community,community/libcap,main,"git-bruh"
libjpeg,9f 1,https://github.com/kiss-community/community,community/libjpeg,main,"icebarf"
virglrenderer,1.1.0 1,https://github.com/kiss-community/community,community/virglrenderer,main,"git-bruh"
lz4,1.10.0 1,https://github.com/kiss-community/community,community/lz4,main,"git-bruh"
boost,1.86.0 1,https://github.com/kiss-community/community,community/boost,main,"Owen Rafferty"
tre,0.8.0 1,https://github.com/kiss-community/community,community/tre,main,"Arthur Williams"
kfc,0.1.3 1,https://github.com/kiss-community/community,community/kfc,main,"mcpcpc"
idmap,4.14.0 1,https://github.com/kiss-community/community,community/idmap,main,"git-bruh"
qt5-declarative,5.15.8 3,https://github.com/kiss-community/community,community/qt5-declarative,main,"davidgarland"
yarn,1.22.22 1,https://github.com/kiss-community/community,community/yarn,main,"git-bruh"
pash,2.3.0 1,https://github.com/kiss-community/community,community/pash,main,"aabacchus"
ldns,1.8.3 1,https://github.com/kiss-community/community,community/ldns,main,"chra"
twemoji-color-font,14.0.2 1,https://github.com/kiss-community/community,community/twemoji-color-font,main,"git-bruh"
wlr-randr,0.4.1 1,https://github.com/kiss-community/community,community/wlr-randr,main,"Rohan"
s6-linux-init,1.1.2.0 1,https://github.com/kiss-community/community,community/s6-linux-init,main,"git-bruh"
optipng,0.7.7 1,https://github.com/kiss-community/community,community/optipng,main,"Camille"
iperf,3.16 1,https://github.com/kiss-community/community,community/iperf,main,"git-bruh"
coreutils,8.32 1,https://github.com/kiss-community/community,community/coreutils,main,"git-bruh"
perl,5.40.0 1,https://github.com/kiss-community/community,community/perl,main,"git-bruh"
pv,1.8.14 1,https://github.com/kiss-community/community,community/pv,main,"git-bruh"
fzy,9aa19d3250070f0cc9f5601b805ee6ce3d654377 1,https://github.com/kiss-community/community,community/fzy,main,"git-bruh"
libgcrypt,1.11.0 1,https://github.com/kiss-community/community,community/libgcrypt,main,"git-bruh"
poppler-data,0.4.11 1,https://github.com/kiss-community/community,community/poppler-data,main,"Xiaodong Xu"
libisoburn,1.5.4 1,https://github.com/kiss-community/community,community/libisoburn,main,"git-bruh"
go-bootstrap,1.20.6 1,https://github.com/kiss-community/community,community/go-bootstrap,main,"git-bruh"
file,5.45 1,https://github.com/kiss-community/community,community/file,main,"git-bruh"
scroll,git 1,https://github.com/kiss-community/community,community/scroll,main,"Michael Czigler"
gnupg1,1.4.23 2,https://github.com/kiss-community/community,community/gnupg1,main,"git-bruh"
spotify-player,0.15.2 1,https://github.com/kiss-community/community,community/spotify-player,main,"David John"
libassuan,3.0.1 1,https://github.com/kiss-community/community,community/libassuan,main,"phoebos"
libtorrent,0.14.0 1,https://github.com/kiss-community/community,community/libtorrent,main,"Rohan"
gc,8.2.8 1,https://github.com/kiss-community/community,community/gc,main,"Ethan"
wl-screenrec,bec19aab7065d0517ff831fa8a8f4bb629e47e53 1,https://github.com/kiss-community/community,community/wl-screenrec,main,"git-bruh"
erlang,27.1 1,https://github.com/kiss-community/community,community/erlang,main,"Ethan"
ttyd,1.7.4 1,https://github.com/kiss-community/community,community/ttyd,main,"git-bruh"
delta,0.12.1 1,https://github.com/kiss-community/community,community/delta,main,"Xiaodong Xu"
tinyramfs-git,git 1,https://github.com/kiss-community/community,community/tinyramfs-git,main,"Jason Eslick"
poppler,24.10.0 1,https://github.com/kiss-community/community,community/poppler,main,"Vouivre"
discount,3.0.0d 1,https://github.com/kiss-community/community,community/discount,main,"Vouivre"
nmap,7.95 1 ,https://github.com/kiss-community/community,community/nmap,main,"Vouivre"
wf-recorder,460d454b1efd380a3f732f6fd70c7a5e265381f6 2,https://github.com/kiss-community/community,community/wf-recorder,main,"git-bruh"
mosh,1.4.0 2,https://github.com/kiss-community/community,community/mosh,main,"Jason Eslick"
slirp4netns,1.3.1 1,https://github.com/kiss-community/community,community/slirp4netns,main,"git-bruh"
s6-rc,0.5.4.3 1,https://github.com/kiss-community/community,community/s6-rc,main,"git-bruh"
emacs-kiss-git,git 1,https://github.com/kiss-community/community,community/emacs-kiss-git,main,"Ethan"
lua,5.4.7 1,https://github.com/kiss-community/community,community/lua,main,"git-bruh"
keyutils,1.6.3 1,https://github.com/kiss-community/community,community/keyutils,main,"Dylan Araps"
cmark-gfm,0.29.0.gfm.13 1,https://github.com/kiss-community/community,community/cmark-gfm,main,"git-bruh"
lcms,2.16 1,https://github.com/kiss-community/community,community/lcms,main,"Vouivre"
mtr,0.95 1,https://github.com/kiss-community/community,community/mtr,main,"Xiaodong Xu"
aerc,0.17.0 1,https://github.com/kiss-community/community,community/aerc,main,"sewn"
nsd,4.10.1 1,https://github.com/kiss-community/community,community/nsd,main,"chra"
zig-bin,0.12.0 2,https://github.com/kiss-community/community,community/zig-bin,main,"git-bruh"
fossil,2.25 1,https://github.com/kiss-community/community,community/fossil,main,"Ethan"
slang,2.3.2 1,https://github.com/kiss-community/community,community/slang,main,"AndreiSva"
cmus,2.10.0 2,https://github.com/kiss-community/community,community/cmus,main,"git-bruh"
sccache,0.5.4 1,https://github.com/kiss-community/community,community/sccache,main,"git-bruh"
tinygo-bin,0.33.0 1,https://github.com/kiss-community/community,community/tinygo-bin,main,"git-bruh"
sfeed,2.0 1,https://github.com/kiss-community/community,community/sfeed,main,"Owen Rafferty"
ranger,1.9.3 2,https://github.com/kiss-community/community,community/ranger,main,"Dylan Araps"
powertop,2.15 1,https://github.com/kiss-community/community,community/powertop,main,"jslick"
neomutt,20241114 1,https://github.com/kiss-community/community,community/neomutt,main,"phoebos"
libunistring,1.3 1,https://github.com/kiss-community/community,community/libunistring,main,"Ethan"
fftw,3.3.10 1,https://github.com/kiss-community/community,community/fftw,main,"Mederim"
elinks,0.17.0 1,https://github.com/kiss-community/community,community/elinks,main,"phoebos"
vmwh,git 2,https://github.com/kiss-community/community,community/vmwh,main,"Ben Cornett"
tuitube,git 8,https://github.com/kiss-community/community,community/tuitube,main,"djt3"
bemenu,0.6.23 1,https://github.com/kiss-community/community,community/bemenu,main,"git-bruh"
uthash,2.3.0 1,https://github.com/kiss-community/community,community/uthash,main,"git-bruh"
libportaudio2,19.6.0 1,https://github.com/kiss-community/community,community/libportaudio2,main,"Michael Czigler"
gnutls,3.8.7.1 1,https://github.com/kiss-community/community,community/gnutls,main,"Vouivre"
libtool,2.5.3 1,https://github.com/kiss-community/community,community/libtool,main,"git-bruh"
liburing,2.7 1,https://github.com/kiss-community/community,community/liburing,main,"git-bruh"
docker,27.3.1 1,https://github.com/kiss-community/community,community/docker,main,"git-bruh"
qemu,9.1.0 1,https://github.com/kiss-community/community,community/qemu,main,"git-bruh"
docker-buildx,0.17.1 1,https://github.com/kiss-community/community,community/docker-buildx,main,"git-bruh"
tea,0.9.0 1,https://github.com/kiss-community/community,community/tea,main,"git-bruh"
github-cli,2.44.1 1,https://github.com/kiss-community/community,community/github-cli,main,"hovercats"
yash,2.57 1,https://github.com/kiss-community/community,community/yash,main,"git-bruh"
emacs,29.4 1,https://github.com/kiss-community/community,community/emacs,main,"Ethan"
nettle,3.9.1 1,https://github.com/kiss-community/community,community/nettle,main,"hovercats"
imagemagick,7.1.1-38 1,https://github.com/kiss-community/community,community/imagemagick,main,"git-bruh"
distrobox,1.6.0.1 1,https://github.com/kiss-community/community,community/distrobox,main,"git-bruh"
dvtm,0.15 1,https://github.com/kiss-community/community,community/dvtm,main,"unlcorn"
aria2,1.36.0 1,https://github.com/kiss-community/community,community/aria2,main,"Dilyn Corner"
kmod,31 1,https://github.com/kiss-community/community,community/kmod,main,"git-bruh"
neovim,0.10.2 1,https://github.com/kiss-community/community,community/neovim,main,"phoebos"
bash,5.2.p37 1,https://github.com/kiss-community/community,community/bash,main,"git-bruh"
reptyr,0.10.0 1,https://github.com/kiss-community/community,community/reptyr,main,"git-bruh"
execline,2.9.6.0 1,https://github.com/kiss-community/community,community/execline,main,"git-bruh"
autoconf,2.72 1,https://github.com/kiss-community/community,community/autoconf,main,"git-bruh"
ncdu1,1.19 1,https://github.com/kiss-community/community,community/ncdu1,main,"Jason Eslick"
iosevka-nerd-fonts,2.1.0 2,https://github.com/kiss-community/community,community/iosevka-nerd-fonts,main,"Dilyn Corner"
gphoto2,2.5.28 1 ,https://github.com/kiss-community/community,community/gphoto2,main,"Cédric"
libsndfile,1.2.2 1,https://github.com/kiss-community/community,community/libsndfile,main,"git-bruh"
libevent,2.1.12 1 ,https://github.com/kiss-community/community,community/libevent,main,"phoebos"
lux,1.21 1,https://github.com/kiss-community/community,community/lux,main,"git-bruh"
cups-filters,2.0.1 1 ,https://github.com/kiss-community/community,community/cups-filters,main,"Vouivre"
zathura-pdf-mupdf,0.4.4 4,https://github.com/kiss-community/community,community/zathura-pdf-mupdf,main,"Owen Rafferty"
npth,1.8 1,https://github.com/kiss-community/community,community/npth,main,"phoebos"
oksh,7.5 1,https://github.com/kiss-community/community,community/oksh,main,"Owen Rafferty"
pipewire,1.2.5+0.5.6 1,https://github.com/kiss-community/community,community/pipewire,main,"git-bruh"
fuse2,2.9.9 1,https://github.com/kiss-community/community,community/fuse2,main,"Zola"
wireguard-tools,1.0.20210914 2,https://github.com/kiss-community/community,community/wireguard-tools,main,"git-bruh"
groff,1.23.0 1,https://github.com/kiss-community/community,community/groff,main,"phoebos"
swayfx,0.4 1,https://github.com/kiss-community/community,community/swayfx,main,"Rohan"
aml,0.3.0 1,https://github.com/kiss-community/community,community/aml,main,"Rohan"
tree,2.1.1 1,https://github.com/kiss-community/community,community/tree,main,"git-bruh"
sane,1.3.1 1 ,https://github.com/kiss-community/community,community/sane,main,"Vouivre"
cups,2.4.11 1 ,https://github.com/kiss-community/community,community/cups,main,"Vouivre"
icu,74.2 1 ,https://github.com/kiss-community/community,community/icu,main,"hovercats"
tiff,4.6.0 1,https://github.com/kiss-community/community,community/tiff,main,"Rohan"
libutemper,1.2.1 1,https://github.com/kiss-community/community,community/libutemper,main,"git-bruh"
extra-cmake-modules,5.102.0 1,https://github.com/kiss-community/community,community/extra-cmake-modules,main,"davidgarland"
uacme,1.7.5 1,https://github.com/kiss-community/community,community/uacme,main,"chra"
openntpd,6.8p1 1 ,https://github.com/kiss-community/community,community/openntpd,main,"Owen Rafferty"
secret,0.11 2,https://github.com/kiss-community/community,community/secret,main,"Adrien Gallouët"
libsodium,1.0.19 1,https://github.com/kiss-community/community,community/libsodium,main,"git-bruh"
pounce,3.1 1,https://github.com/kiss-community/community,community/pounce,main,"phoebos"
libxmlb,0.3.19 1,https://github.com/kiss-community/community,community/libxmlb,main,"git-bruh"
lpeg,1.1.0 1,https://github.com/kiss-community/community,community/lpeg,main,"git-bruh"
emacs-tsort,1.0.0 1,https://github.com/kiss-community/community,community/emacs-tsort,main,"Ethan"
cava,0.10.2 1,https://github.com/kiss-community/community,community/cava,main,"Rohan"
swayidle,1.8.0 1,https://github.com/kiss-community/community,community/swayidle,main,"git-bruh"
evtest,1.35 1,https://github.com/kiss-community/community,community/evtest,main,"TAAPArthur"
hummingbird-git,git 1,https://github.com/kiss-community/community,community/hummingbird-git,main,"aosync"
gron-git,git 1,https://github.com/kiss-community/community,community/gron-git,main,"Xiaodong Xu"
cfm,0.6.6 3,https://github.com/kiss-community/community,community/cfm,main,"Will Eccles"
libexif,0.6.24 1 ,https://github.com/kiss-community/community,community/libexif,main,"Cédric"
popt,1.19 1 ,https://github.com/kiss-community/community,community/popt,main,"Cédric"
hexyl,0.10.0 1,https://github.com/kiss-community/community,community/hexyl,main,"Dilyn Corner"
libxml2,2.13.4 1,https://github.com/kiss-community/community,community/libxml2,main,"git-bruh"
fdm,2.2 1,https://github.com/kiss-community/community,community/fdm,main,"Vouivre"
tmate,ac919516f4f1b10ec928e20b3a5034d18f609d68 1,https://github.com/kiss-community/community,community/tmate,main,"git-bruh"
sbase,git 4,https://github.com/kiss-community/community,community/sbase,main,"hovercats"
pqiv,2.13.1 1 ,https://github.com/kiss-community/community,community/pqiv,main,"Vouivre"
openjpeg2,2.5.2 1,https://github.com/kiss-community/community,community/openjpeg2,main,"phoebos"
viu,1.4.0 1,https://github.com/kiss-community/community,community/viu,main,"Xiaodong Xu"
rustup-bin,1.27.1 1,https://github.com/kiss-community/community,community/rustup-bin,main,"git-bruh"
senpai,0.3.0 1,https://github.com/kiss-community/community,community/senpai,main,"sewn"
bubblewrap,0.10.0 1,https://github.com/kiss-community/community,community/bubblewrap,main,"git-bruh"
mtpaint,git 1 ,https://github.com/kiss-community/community,community/mtpaint,main,"Cédric"
sed-i,0.1 1,https://github.com/kiss-community/community,community/sed-i,main,"Aaron G"
bottom,0.9.6 1,https://github.com/kiss-community/community,community/bottom,main,"Jason Eslick"
qt5-wayland,5.15.8 2,https://github.com/kiss-community/community,community/qt5-wayland,main,"davidgarland"
axel,2.17.14 1,https://github.com/kiss-community/community,community/axel,main,"git-bruh"
runc,1.1.14 1,https://github.com/kiss-community/community,community/runc,main,"git-bruh"
shfm,0.4.2 1 ,https://github.com/kiss-community/community,community/shfm,main,"Dylan Araps"
wmenu,0.1.9 1,https://github.com/kiss-community/community,community/wmenu,main,"git-bruh"
mediainfo,24.06 1,https://github.com/kiss-community/community,community/mediainfo,main,"Vouivre"
vis,95bf9f59f8a9a37148bdc0787db378d62c7cd032 1,https://github.com/kiss-community/community,community/vis,main,"git-bruh"
isync,1.4.4 1,https://github.com/kiss-community/community,community/isync,main,"Nihal Jere"
scenefx,0.1 1,https://github.com/kiss-community/community,community/scenefx,main,"Rohan"
docker-compose-bin,2.29.7 1,https://github.com/kiss-community/community,community/docker-compose-bin,main,"git-bruh"
dejavu-ttf,2.37 1,https://github.com/kiss-community/community,community/dejavu-ttf,main,"Eudald Gubert i Roldan"
patchelf,0.18.0 1,https://github.com/kiss-community/community,community/patchelf,main,"git-bruh"
gsl,2.8 1 ,https://github.com/kiss-community/community,community/gsl,main,"Ethan"
bc,1.07.1 1 ,https://github.com/kiss-community/community,community/bc,main,"hovercats"
btop,1.3.2 1,https://github.com/kiss-community/community,community/btop,main,"AVS Origami"
mksh,59c 1 ,https://github.com/kiss-community/community,community/mksh,main,"magenbluten"
slides,0.7.3 1,https://github.com/kiss-community/community,community/slides,main,"Xiaodong Xu"
encpipe,735db589d80f9bdfc5f2c4d1f95b783f9916e9ab 1,https://github.com/kiss-community/community,community/encpipe,main,"git-bruh"
limine,8.1.2 1 ,https://github.com/kiss-community/community,community/limine,main,"Vouivre"
swww,0.9.5 1,https://github.com/kiss-community/community,community/swww,main,"Rohan"
catgirl,2.2a 1,https://github.com/kiss-community/community,community/catgirl,main,"phoebos"
spotifyd,0.3.5 1,https://github.com/kiss-community/community,community/spotifyd,main,"David John"
glorytun,0.3.4 1,https://github.com/kiss-community/community,community/glorytun,main,"Adrien Gallouët"
libxdp,1.4.2 1,https://github.com/kiss-community/community,community/libxdp,main,"git-bruh"
freeglut,3.4.0 1,https://github.com/kiss-community/community,community/freeglut,main,"Rohan"
fnf,0.1 1,https://github.com/kiss-community/community,community/fnf,main,"Vouivre"
jq,1.7.1 1,https://github.com/kiss-community/community,community/jq,main,"git-bruh"
libpcap,1.10.5 1,https://github.com/kiss-community/community,community/libpcap,main,"git-bruh"
tmux,3.5a 1,https://github.com/kiss-community/community,community/tmux,main,"Owen Rafferty"
tcc,git 1 ,https://github.com/kiss-community/community,community/tcc,main,"Kyryl"
dialog,1.3-20240307 1,https://github.com/kiss-community/community,community/dialog,main,"sewn"
nq,0.5 1 ,https://github.com/kiss-community/community,community/nq,main,"Cédric"
automake,1.17 1,https://github.com/kiss-community/community,community/automake,main,"git-bruh"
numactl,2.0.14 1,https://github.com/kiss-community/community,community/numactl,main,"Arthur Williams"
tig,2.5.8 1,https://github.com/kiss-community/community,community/tig,main,"jslick"
libaio,0.3.113 1 ,https://github.com/kiss-community/community,community/libaio,main,"fluorescent_haze"
flac,1.4.3 1,https://github.com/kiss-community/community,community/flac,main,"Owen Rafferty"
rsync,3.3.0 1,https://github.com/kiss-community/community,community/rsync,main,"Owen Rafferty"
libvncserver,0.9.13 1,https://github.com/kiss-community/community,community/libvncserver,main,"Michael Czigler"
hugo,0.119.0 1,https://github.com/kiss-community/community,community/hugo,main,"David John"
libusb,1.0.27 1,https://github.com/kiss-community/community,community/libusb,main,"git-bruh"
lsof,4.99.3 1,https://github.com/kiss-community/community,community/lsof,main,"git-bruh"
age,1.2.0 1,https://github.com/kiss-community/community,community/age,main,"git-bruh"
libarchive,3.7.6 1,https://github.com/kiss-community/community,community/libarchive,main,"git-bruh"
sc-im,0.8.4 1 ,https://github.com/kiss-community/community,community/sc-im,main,"Vouivre"
patch,2.7.6 3,https://github.com/kiss-community/community,community/patch,main,"git-bruh"
birch,git 1 ,https://github.com/kiss-community/community,community/birch,main,"Dylan Araps"
qbe,1.2 1,https://github.com/kiss-community/community,community/qbe,main,"git-bruh"
libwebsockets,4.3.2 1,https://github.com/kiss-community/community,community/libwebsockets,main,"git-bruh"
gcompat,1.1.0 1,https://github.com/kiss-community/community,community/gcompat,main,"Rohan"
fff,2.2 1,https://github.com/kiss-community/community,community/fff,main,"Dylan Araps"
inih,58 1,https://github.com/kiss-community/community,community/inih,main,"git-bruh"
sc,7.16_1.1.2 1 ,https://github.com/kiss-community/community,community/sc,main,"Xeno-Hypster"
protobuf-c,1.5.0 1,https://github.com/kiss-community/community,community/protobuf-c,main,"git-bruh"
iptables,1.8.10 1,https://github.com/kiss-community/community,community/iptables,main,"git-bruh"
